param_name	param_description	param_description_long	param_unit	subsystem	mti	min_timestamp	max_timestamp	longest_gap	nan_fraction
IHT13029	HV_TEMPERATURE	HV_TEMPERATURE	degC	ITA	0 days 00:00:08	2009-03-17 09:09:49.821	2013-10-21 03:19:23.590	72 days 17:13:09.635000	0.13283336672008547
IHT13036	IBCV_TEMPERATURE	IBCV_TEMPERATURE	degC	ITA	0 days 00:00:08	2009-03-17 09:09:49.821	2013-10-21 03:19:23.590	72 days 17:13:09.635000	0.13283336672008547
IHT13046	LV_TEMPERATURE	LV_TEMPERATURE	degC	ITA	0 days 00:00:08	2009-03-17 09:09:49.821	2013-10-21 03:19:23.590	72 days 17:13:09.635000	0.13283336672008547
IHT13053	PXFA_HP_SECTIO_T	PXFA high pressure section temperature (in GO-IC-QIQ-0002_i8 PXFA pressure regulator temp., decription is obsolet)	degC	ITA	0 days 00:00:08	2009-03-17 09:09:49.821	2013-10-21 03:19:23.590	72 days 17:13:09.635000	0.13283336672008547
IHT13054	PXFA_FLOWSEN_T	PXFA flow sensor temperature	degC	ITA	0 days 00:00:08	2009-03-17 09:09:49.821	2013-10-21 03:19:23.590	72 days 17:13:09.635000	0.13283336672008547
IHT13055	PXFA_FLOWRES_T	PXFA flow restrictor temperature	degC	ITA	0 days 00:00:08	2009-03-17 09:09:49.821	2013-10-21 03:19:23.590	72 days 17:13:09.635000	0.13283336672008547
PHT10240	BAT_TMP_1_N	Battery Temperatue 1 nominal from: PCDU via IF: SD16_1N_or_1R to: CDMU-RU-A&B (PCDU-ICD-Info: cbt_tem1_n_S1/W13)	degC	EPS	0 days 00:00:15.995000	2009-03-17 07:27:28.608	2013-11-10 22:45:56.736	50 days 11:56:35.827000	0.03514790331196581
PHT10260	BAT_TMP_1_R	Battery Temperatue 1 redundant from: PCDU via IF: SD16_1N_or_1R to: CDMU-RU-A&B (PCDU-ICD-Info: cbt_tem1_r_S1/W14)	degC	EPS	0 days 00:00:15.995000	2009-03-17 07:27:28.608	2013-11-10 22:45:56.736	50 days 11:56:35.827000	0.03514790331196581
PHT10280	BAT_TMP_2_N	Battery Temperatue 2 nominal from: PCDU via IF: SD16_1N_or_1R to: CDMU-RU-A&B (PCDU-ICD-Info: cbt_tem2_n_S1/W15)	degC	EPS	0 days 00:00:15.995000	2009-03-17 07:27:28.608	2013-11-10 22:45:56.736	50 days 11:56:35.827000	0.03514790331196581
PHT10300	BAT_TMP_2_R	Battery Temperatue 2 redundant from: PCDU via IF: SD16_1N_or_1R to: CDMU-RU-A&B (PCDU-ICD-Info: cbt_tem2_r_S1/W16)	degC	EPS	0 days 00:00:15.995000	2009-03-17 07:27:28.608	2013-11-10 22:45:56.736	50 days 11:56:35.827000	0.03514790331196581
PHT12880	PCU_DHS_TEMP_N	DHS temperature nominal from: PCDU via IF: SD16_1N_or_1R to: CDMU-RU-A&B (PCDU-ICD-Info: c_temp_dhs_n_S4/W34)	degC	EPS	0 days 00:00:15.995000	2009-03-17 07:27:28.608	2013-11-10 22:45:56.736	50 days 11:56:35.827000	0.03514790331196581
PHT12900	PCU_DHS_TEMP_R	DHS temperature redundant from: PCDU via IF: SD16_1N_or_1R to: CDMU-RU-A&B (PCDU-ICD-Info: c_temp_dhs_r_S4/W35)	degC	EPS	0 days 00:00:15.995000	2009-03-17 07:27:28.608	2013-11-10 22:45:56.736	50 days 11:56:35.827000	0.03514790331196581
SST00101	TEMP_SENSOR_1	Temperature_sensor_1	degC	SSTI-A	0 days 00:00:08	2009-03-17 10:06:03.236	2013-11-10 22:46:09.319	54 days 23:29:15.811000	0.0482688969017094
SST00102	TEMP_SENSOR_2	Temperature_sensor_2	degC	SSTI-A	0 days 00:00:08	2009-03-17 10:06:03.236	2013-11-10 22:46:09.319	54 days 23:29:15.811000	0.0482688969017094
SST00103	TEMP_SENSOR_3	Temperature_sensor_3	degC	SSTI-A	0 days 00:00:08	2009-03-17 10:06:03.236	2013-11-10 22:46:09.319	54 days 23:29:15.811000	0.0482688969017094
SST00104	TEMP_SENSOR_4	Temperature_sensor_4	degC	SSTI-A	0 days 00:00:08	2009-03-17 10:06:03.236	2013-11-10 22:46:09.319	54 days 23:29:15.811000	0.0482688969017094
THT00000	RU_INT_TH_REF1	CDMU RU Internal THERM Interface fix Resistor Reference 1 (NOT_CONNECTED_01) from: Thermistor via IF: THERM_SIGN_000 to: CDMU-RU-A&B	degC	TCS	0 days 00:00:32	2009-03-17 07:27:28.453	2013-11-10 22:45:40.736	50 days 11:57:07.826000	0.03514790331196581
THT00001	STRDPU_HTR_T1	Star Tracker Floor 4 temperature for thermal control (T1, HTR_19) from: Thermistor via IF: THERM_SIGN_001 to: CDMU-RU-A&B	degC	TCS	0 days 00:00:32	2009-03-17 07:27:28.453	2013-11-10 22:45:40.736	50 days 11:57:07.826000	0.03514790331196581
THT00002	XST_HTR1_T1	Xenon Tank temperature for thermal control (T1, HTR_16) from: Thermistor via IF: THERM_SIGN_002 to: CDMU-RU-A&B	degC	TCS	0 days 00:00:32	2009-03-17 07:27:28.453	2013-11-10 22:45:40.736	50 days 11:57:07.826000	0.03514790331196581
THT00004	MGM_HTR_T1	Magnetometer temperature for thermal control (T1, HTR_20) from: Thermistor via IF: THERM_SIGN_004 to: CDMU-RU-A&B	degC	TCS	0 days 00:00:32	2009-03-17 07:27:28.453	2013-11-10 22:45:40.736	50 days 11:57:07.826000	0.03514790331196581
THT00005	LIB_FLR_HTR_T1	Battery Floor 7 temperature for thermal control (T1, HTR_13 & HTR_22) from: Thermistor via IF: THERM_SIGN_005 to: CDMU-RU-A&B	degC	TCS	0 days 00:00:32	2009-03-17 07:27:28.453	2013-11-10 22:45:40.736	50 days 11:57:07.826000	0.03514790331196581
THT00007	PXFA1_HPS_HTR_T1	PXFA1 High Pressure Section temperature for thermal control (T1, HTR_15) from: Thermistor via IF: THERM_SIGN_007 to: CDMU-RU-A&B	degC	TCS	0 days 00:00:32	2009-03-17 07:27:28.453	2013-11-10 22:45:40.736	50 days 11:57:07.826000	0.03514790331196581
THT00008	PXFA1_HTR_T1	Floor 1 PXFA 1 temperature for thermal control (T1, HTR_17 & HTR_34) from: Thermistor via IF: THERM_SIGN_008 to: CDMU-RU-A&B	degC	TCS	0 days 00:00:32	2009-03-17 07:27:28.453	2013-11-10 22:45:40.736	50 days 11:57:07.826000	0.03514790331196581
THT00009	IPCU_A_HTR_T1	Floor 1 IPCU A temperature for thermal control (T1, HTR_23 & HTR_29) from: Thermistor via IF: THERM_SIGN_009 to: CDMU-RU-A&B	degC	TCS	0 days 00:00:32	2009-03-17 07:27:28.453	2013-11-10 22:45:40.736	50 days 11:57:07.826000	0.03514790331196581
THT00010	SSTI A T	SSTI_1 Internal temperature for monitoring from: Thermistor via IF: THERM_SIGN_010 to: CDMU-RU-A&B	degC	TCS	0 days 00:00:32	2009-03-17 07:27:28.453	2013-11-10 22:45:40.736	50 days 11:57:07.826000	0.03514790331196581
THT00011	GCDE_HTR_T1	Floor 2 GCDE temperature for thermal control (T1, HTR_43) from: Thermistor via IF: THERM_SIGN_011 to: CDMU-RU-A&B	degC	TCS	0 days 00:00:32	2009-03-17 07:27:28.453	2013-11-10 22:45:40.736	50 days 11:57:07.826000	0.03514790331196581
THT00012	MGM_HTR_T2	Magnetometer temperature for thermal control (T2, HTR_20) from: Thermistor via IF: THERM_SIGN_012 to: CDMU-RU-A&B	degC	TCS	0 days 00:00:32	2009-03-17 07:27:28.453	2013-11-10 22:45:40.736	50 days 11:57:07.826000	0.03514790331196581
THT00013	TRSP_HTR_T1	S- Band transponder temperature for thermal control (T1, HTR_35) from: Thermistor via IF: THERM_SIGN_013 to: CDMU-RU-A&B	degC	TCS	0 days 00:00:32	2009-03-17 07:27:28.453	2013-11-10 22:45:40.736	50 days 11:57:07.826000	0.03514790331196581
THT00014	TCV_HTR12&31_T1	GCD TCV +X+Y-Z temperature for thermal control (T1, HTR_12 & HTR_31) from: Thermistor via IF: THERM_SIGN_014 to: CDMU-RU-A&B	degC	TCS	0 days 00:00:32	2009-03-17 07:27:28.453	2013-11-10 22:45:40.736	50 days 11:57:07.826000	0.03514790331196581
THT00015	STC ASH Therm M	TCEU G01 temperature  from: Thermistor via IF: THERM_SIGN_015 to: CDMU-RU-A&B	degC	TCS	0 days 00:00:32	2009-03-17 07:27:28.453	2013-11-10 22:45:40.736	50 days 11:57:07.826000	0.03514790331196581
THT00017	TCV_HTR37&46_T1	GCD TCV -X+Y+Z temperature for thermal control (T1, HTR_37 & HTR_46) from: Thermistor via IF: THERM_SIGN_017 to: CDMU-RU-A&B	degC	TCS	0 days 00:00:32	2009-03-17 07:27:28.453	2013-11-10 22:45:40.736	50 days 11:57:07.826000	0.03514790331196581
THT00018	TCV_HTR25&45_T1	GCD TCV -X-Y-Z temperature for thermal control (T1, HTR_25 & HTR_45) from: Thermistor via IF: THERM_SIGN_018 to: CDMU-RU-A&B	degC	TCS	0 days 00:00:32	2009-03-17 07:27:28.453	2013-11-10 22:45:40.736	50 days 11:57:07.826000	0.03514790331196581
THT00021	PIPE_EX_HTR1_T1	XST-to-PXFA platform external xenon-pipe temperature for thermal control (T1, HTR_32) from: Thermistor via IF: THERM_SIGN_021 to: CDMU-RU-A&B	degC	TCS	0 days 00:00:32	2009-03-17 07:27:28.453	2013-11-10 22:45:40.736	50 days 11:57:07.826000	0.03514790331196581
THT00022	PIPE_EX_HTR2_T1	XST-to-PXFA platform external xenon-pipe temperature for thermal control (T1, HTR_41) from: Thermistor via IF: THERM_SIGN_022 to: CDMU-RU-A&B	degC	TCS	0 days 00:00:32	2009-03-17 07:27:28.453	2013-11-10 22:45:40.736	50 days 11:57:07.826000	0.03514790331196581
THT00024	EGG_IF1&5_HTR_T1	EGG-Structure I/F 1 & 5 Upper Double Panel temperature for thermal control (T1, HTR_18 & HTR_42) from: Thermistor via IF: THERM_SIGN_024 to: CDMU-RU-A&B	degC	TCS	0 days 00:00:32	2009-03-17 07:27:28.453	2013-11-10 22:45:40.736	50 days 11:57:07.826000	0.03514790331196581
THT00025	EGG_IF3&6_HTR_T1	EGG-Structure I/F 3 & 6 Upper Double Panel temperature for thermal control (T1, HTR_30 & HTR_48) from: Thermistor via IF: THERM_SIGN_025 to: CDMU-RU-A&B	degC	TCS	0 days 00:00:32	2009-03-17 07:27:28.453	2013-11-10 22:45:40.736	50 days 11:57:07.826000	0.03514790331196581
THT00026	PIPE_IN_HTR1_T1	XST-to-PXFA platform internal xenon-pipe temperature for thermal control (T1, HTR_11) from: Thermistor via IF: THERM_SIGN_026 to: CDMU-RU-A&B	degC	TCS	0 days 00:00:32	2009-03-17 07:27:28.453	2013-11-10 22:45:40.736	50 days 11:57:07.826000	0.03514790331196581
THT00027	EGG_IF1&5_HTR_T2	EGG-Structure I/F 1 & 5 Upper Double Panel temperature for thermal control (T2, HTR_18 & HTR_42) from: Thermistor via IF: THERM_SIGN_063 to: CDMU-RU-A&B	degC	TCS	0 days 00:00:32	2009-03-17 07:27:28.453	2013-11-10 22:45:40.736	50 days 11:57:07.826000	0.03514790331196581
THT00028	EGG_IF2_HTR_T1	EGG-Structure I/F 2 Lower Double Panel temperature for thermal control (T1, HTR_24) from: Thermistor via IF: THERM_SIGN_028 to: CDMU-RU-A&B	degC	TCS	0 days 00:00:32	2009-03-17 07:27:28.453	2013-11-10 22:45:40.736	50 days 11:57:07.826000	0.03514790331196581
THT00029	EGG_IF3&6_HTR_T2	EGG-Structure I/F 3 & 6  Upper Double Panel temperature for thermal control (T2, HTR_30 & HTR_48) from: Thermistor via IF: THERM_SIGN_034 to: CDMU-RU-A&B	degC	TCS	0 days 00:00:32	2009-03-17 07:27:28.453	2013-11-10 22:45:40.736	50 days 11:57:07.826000	0.03514790331196581
THT00030	EGG_IF4_HTR_T1	EGG-Structure I/F 4 Lower Double Panel temperature for thermal control (T1, HTR_36) from: Thermistor via IF: THERM_SIGN_030 to: CDMU-RU-A&B	degC	TCS	0 days 00:00:32	2009-03-17 07:27:28.453	2013-11-10 22:45:40.736	50 days 11:57:07.826000	0.03514790331196581
THT00032	IPCU_B_HTR_T1	Floor 1 IPCU B temperature for thermal control (T1, HTR_40 & HTR_47) from: Thermistor via IF: THERM_SIGN_032 to: CDMU-RU-A&B	degC	TCS	0 days 00:00:32	2009-03-17 07:27:28.453	2013-11-10 22:45:40.736	50 days 11:57:07.826000	0.03514790331196581
THT00033	TCV_HTR25&45_T2	GCD TCV -X+Y-Z temperature for thermal control (T2, HTR_25 & HTR_45) from: Thermistor via IF: THERM_SIGN_033 to: CDMU-RU-A&B	degC	TCS	0 days 00:00:32	2009-03-17 07:27:28.453	2013-11-10 22:45:40.736	50 days 11:57:07.826000	0.03514790331196581
THT00035	XST_HTR1_T2	Xenon Tank temperature for thermal control (T2, HTR_16) from: Thermistor via IF: THERM_SIGN_035 to: CDMU-RU-A&B	degC	TCS	0 days 00:00:32	2009-03-17 07:27:28.453	2013-11-10 22:45:40.736	50 days 11:57:07.826000	0.03514790331196581
THT00036	XST_HTR1_T3	Xenon Tank temperature for thermal control (T3, HTR_16) from: Thermistor via IF: THERM_SIGN_095 to: CDMU-RU-A&B	degC	TCS	0 days 00:00:32	2009-03-17 07:27:28.453	2013-11-10 22:45:40.736	50 days 11:57:07.826000	0.03514790331196581
THT00037	STRDPU_HTR_T2	Star Tracker Floor 4 temperature for thermal control (T2, HTR_19) from: Thermistor via IF: THERM_SIGN_037 to: CDMU-RU-A&B	degC	TCS	0 days 00:00:32	2009-03-17 07:27:28.453	2013-11-10 22:45:40.736	50 days 11:57:07.826000	0.03514790331196581
THT00038	GCD_HTR_T3	Floor 6 GCD temperature for thermal control (T1, HTR_39) from: Thermistor via IF: THERM_SIGN_038 to: CDMU-RU-A&B	degC	TCS	0 days 00:00:32	2009-03-17 07:27:28.453	2013-11-10 22:45:40.736	50 days 11:57:07.826000	0.03514790331196581
THT00040	GCD_HTR_T2	Floor 6 GCD temperature for thermal control (T2, HTR_39) from: Thermistor via IF: THERM_SIGN_055 to: CDMU-RU-A&B	degC	TCS	0 days 00:00:32	2009-03-17 07:27:28.453	2013-11-10 22:45:40.736	50 days 11:57:07.826000	0.03514790331196581
THT00041	PCDU Temp A	PCDU Internal temperature for monitoring from: Thermistor via IF: THERM_SIGN_041 to: CDMU-RU-A&B	degC	TCS	0 days 00:00:32	2009-03-17 07:27:28.453	2013-11-10 22:45:40.736	50 days 11:57:07.826000	0.03514790331196581
THT00042	STC1 Dom Therm M	TCEU G01 temperature  from: Thermistor via IF: THERM_SIGN_042 to: CDMU-RU-A&B	degC	TCS	0 days 00:00:32	2009-03-17 07:27:28.453	2013-11-10 22:45:40.736	50 days 11:57:07.826000	0.03514790331196581
THT00043	STC2 Dom Therm M	TCEU G01 temperature  from: Thermistor via IF: THERM_SIGN_043 to: CDMU-RU-A&B	degC	TCS	0 days 00:00:32	2009-03-17 07:27:28.453	2013-11-10 22:45:40.736	50 days 11:57:07.826000	0.03514790331196581
THT00044	PXFA2_HPS_HTR_T1	PXFA2 High Pressure Section temperature for thermal control (T1, HTR_44) from: Thermistor via IF: THERM_SIGN_044 to: CDMU-RU-A&B	degC	TCS	0 days 00:00:32	2009-03-17 07:27:28.453	2013-11-10 22:45:40.736	50 days 11:57:07.826000	0.03514790331196581
THT00045	PXFA1_HPS_HTR_T2	PXFA1 High Pressure Section temperature for thermal control (T2, HTR_15) from: Thermistor via IF: THERM_SIGN_045 to: CDMU-RU-A&B	degC	TCS	0 days 00:00:32	2009-03-17 07:27:28.453	2013-11-10 22:45:40.736	50 days 11:57:07.826000	0.03514790331196581
THT00046	PXFA1_HTR_T2	Floor 1 PXFA 1 temperature for thermal control (T2, HTR_17 & HTR_34) from: Thermistor via IF: THERM_SIGN_046 to: CDMU-RU-A&B	degC	TCS	0 days 00:00:32	2009-03-17 07:27:28.453	2013-11-10 22:45:40.736	50 days 11:57:07.826000	0.03514790331196581
THT00047	GCDE_HTR_T2	Floor 2 GCDE temperature for thermal control (T2, HTR_43) from: Thermistor via IF: THERM_SIGN_047 to: CDMU-RU-A&B	degC	TCS	0 days 00:00:32	2009-03-17 07:27:28.453	2013-11-10 22:45:40.736	50 days 11:57:07.826000	0.03514790331196581
THT00048	TRSP_HTR_T2	S- Band transponder temperature for thermal control (T2, HTR_35) from: Thermistor via IF: THERM_SIGN_048 to: CDMU-RU-A&B	degC	TCS	0 days 00:00:32	2009-03-17 07:27:28.453	2013-11-10 22:45:40.736	50 days 11:57:07.826000	0.03514790331196581
THT00049	TCV_HTR21&38_T2	GCD TCV +X+Y+Z temperature for thermal control (T2, HTR_21 & HTR_38) from: Thermistor via IF: THERM_SIGN_049 to: CDMU-RU-A&B	degC	TCS	0 days 00:00:32	2009-03-17 07:27:28.453	2013-11-10 22:45:40.736	50 days 11:57:07.826000	0.03514790331196581
THT00050	TCV_HTR12&31_T2	GCD TCV +X-Y-Z temperature for thermal control (T2, HTR_12 & HTR_31) from: Thermistor via IF: THERM_SIGN_050 to: CDMU-RU-A&B	degC	TCS	0 days 00:00:32	2009-03-17 07:27:28.453	2013-11-10 22:45:40.736	50 days 11:57:07.826000	0.03514790331196581
THT00051	TCV_HTR21&38_T1	GCD TCV +X-Y+Z temperature for thermal control (T1, HTR_21 & HTR_38) from: Thermistor via IF: THERM_SIGN_003 to: CDMU-RU-A&B	degC	TCS	0 days 00:00:32	2009-03-17 07:27:28.453	2013-11-10 22:45:40.736	50 days 11:57:07.826000	0.03514790331196581
THT00052	PXFA2_HTR_T1	Floor 1 PXFA 2 temperature for thermal control (T1, HTR_28 & HTR_09) from: Thermistor via IF: THERM_SIGN_052 to: CDMU-RU-A&B	degC	TCS	0 days 00:00:32	2009-03-17 07:27:28.453	2013-11-10 22:45:40.736	50 days 11:57:07.826000	0.03514790331196581
THT00053	TCV_HTR37&46_T2	GCD TCV -X-Y+Z temperature for thermal control (T2, HTR_37 & HTR_46) from: Thermistor via IF: THERM_SIGN_053 to: CDMU-RU-A&B	degC	TCS	0 days 00:00:32	2009-03-17 07:27:28.453	2013-11-10 22:45:40.736	50 days 11:57:07.826000	0.03514790331196581
THT00056	PIPE_EX_HTR1_T2	XST-to-PXFA platform external xenon-pipe temperature for thermal control (T2, HTR_32) from: Thermistor via IF: THERM_SIGN_056 to: CDMU-RU-A&B	degC	TCS	0 days 00:00:32	2009-03-17 07:27:28.453	2013-11-10 22:45:40.736	50 days 11:57:07.826000	0.03514790331196581
THT00057	PIPE_EX_HTR2_T2	XST-to-PXFA platform external xenon-pipe temperature for thermal control (T2, HTR_41) from: Thermistor via IF: THERM_SIGN_057 to: CDMU-RU-A&B	degC	TCS	0 days 00:00:32	2009-03-17 07:27:28.453	2013-11-10 22:45:40.736	50 days 11:57:07.826000	0.03514790331196581
THT00059	EGG_IF2_HTR_T2	EGG-Structure I/F 2 Lower Double Panel temperature for thermal control (T2, HTR_24) from: Thermistor via IF: THERM_SIGN_059 to: CDMU-RU-A&B	degC	TCS	0 days 00:00:32	2009-03-17 07:27:28.453	2013-11-10 22:45:40.736	50 days 11:57:07.826000	0.03514790331196581
THT00060	EGG_IF4_HTR_T2	EGG-Structure I/F 4 Lower Double Panel temperature for thermal control (T2, HTR_36) from: Thermistor via IF: THERM_SIGN_060 to: CDMU-RU-A&B	degC	TCS	0 days 00:00:32	2009-03-17 07:27:28.453	2013-11-10 22:45:40.736	50 days 11:57:07.826000	0.03514790331196581
THT00061	PXFA1_HTR_T3	Floor 1 PXFA 1 temperature for thermal control (T3, HTR_17 & HTR_34) from: Thermistor via IF: THERM_SIGN_061 to: CDMU-RU-A&B	degC	TCS	0 days 00:00:32	2009-03-17 07:27:28.453	2013-11-10 22:45:40.736	50 days 11:57:07.826000	0.03514790331196581
THT00062	NST_TEMP_1	Nitrogen Tank Temperature T1 from: Thermistor via IF: THERM_SIGN_062 to: CDMU-RU-A&B	degC	TCS	0 days 00:00:32	2009-03-17 07:27:28.453	2013-11-10 22:45:40.736	50 days 11:57:07.826000	0.03514790331196581
THT00064	RU_INT_TH_REF2	CDMU RU Internal THERM Interface fix Resistor Reference 2 (NOT_CONNECTED_18) from: Thermistor via IF: THERM_SIGN_064 to: CDMU-RU-A&B	degC	TCS	0 days 00:00:32	2009-03-17 07:27:28.453	2013-11-10 22:45:40.736	50 days 11:57:07.826000	0.03514790331196581
THT00066	XST_HTR2_T1	Xenon Tank temperature for thermal control (T1, HTR_27) from: Thermistor via IF: THERM_SIGN_066 to: CDMU-RU-A&B	degC	TCS	0 days 00:00:32	2009-03-17 07:27:28.453	2013-11-10 22:45:40.736	50 days 11:57:07.826000	0.03514790331196581
THT00067	STRDPU_HTR_T3	Star Tracker Floor 4 temperature for thermal control (T3, HTR_19) from: Thermistor via IF: THERM_SIGN_067 to: CDMU-RU-A&B	degC	TCS	0 days 00:00:32	2009-03-17 07:27:28.453	2013-11-10 22:45:40.736	50 days 11:57:07.826000	0.03514790331196581
THT00068	MGM_HTR_T3	Magnetometer temperature for thermal control (T3, HTR_20) from: Thermistor via IF: THERM_SIGN_068 to: CDMU-RU-A&B	degC	TCS	0 days 00:00:32	2009-03-17 07:27:28.453	2013-11-10 22:45:40.736	50 days 11:57:07.826000	0.03514790331196581
THT00069	LIB_FLR_HTR_T2	Battery Floor 7 temperature for thermal control (T2, HTR_13) from: Thermistor via IF: THERM_SIGN_069 to: CDMU-RU-A&B	degC	TCS	0 days 00:00:32	2009-03-17 07:27:28.453	2013-11-10 22:45:40.736	50 days 11:57:07.826000	0.03514790331196581
THT00071	LIB_CELL_HTR_T2	Battery internal cell temperature for thermal control (T2, HTR_22) from: Thermistor via IF: THERM_SIGN_020 to: CDMU-RU-A&B	degC	TCS	0 days 00:00:32	2009-03-17 07:27:28.453	2013-11-10 22:45:40.736	50 days 11:57:07.826000	0.03514790331196581
THT00072	IPCU_A_HTR_T2	Floor 1 IPCU A temperature for thermal control (T2, HTR_23 & HTR_29) from: Thermistor via IF: THERM_SIGN_072 to: CDMU-RU-A&B	degC	TCS	0 days 00:00:32	2009-03-17 07:27:28.453	2013-11-10 22:45:40.736	50 days 11:57:07.826000	0.03514790331196581
THT00073	PXFA1_HPS_HTR_T3	PXFA1 High Pressure Section temperature for thermal control (T3, HTR_15) from: Thermistor via IF: THERM_SIGN_073 to: CDMU-RU-A&B	degC	TCS	0 days 00:00:32	2009-03-17 07:27:28.453	2013-11-10 22:45:40.736	50 days 11:57:07.826000	0.03514790331196581
THT00074	SSTI B T	SSTI_2 Internal temperature for monitoring from: Thermistor via IF: THERM_SIGN_074 to: CDMU-RU-A&B	degC	TCS	0 days 00:00:32	2009-03-17 07:27:28.453	2013-11-10 22:45:40.736	50 days 11:57:07.826000	0.03514790331196581
THT00075	IPCU_B_HTR_T2	Floor 1 IPCU B temperature for thermal control (T2, HTR_40 & HTR_47) from: Thermistor via IF: THERM_SIGN_075 to: CDMU-RU-A&B	degC	TCS	0 days 00:00:32	2009-03-17 07:27:28.453	2013-11-10 22:45:40.736	50 days 11:57:07.826000	0.03514790331196581
THT00076	GCDE_HTR_T3	Floor 2 GCDE temperature for thermal control (T3, HTR_43) from: Thermistor via IF: THERM_SIGN_076 to: CDMU-RU-A&B	degC	TCS	0 days 00:00:32	2009-03-17 07:27:28.453	2013-11-10 22:45:40.736	50 days 11:57:07.826000	0.03514790331196581
THT00079	TRSP_HTR_T3	S- Band transponder temperature for thermal control (T3, HTR_35) from: Thermistor via IF: THERM_SIGN_079 to: CDMU-RU-A&B	degC	TCS	0 days 00:00:32	2009-03-17 07:27:28.453	2013-11-10 22:45:40.736	50 days 11:57:07.826000	0.03514790331196581
THT00080	STC ASH Therm R	TCEU G01 temperature  from: Thermistor via IF: THERM_SIGN_080 to: CDMU-RU-A&B	degC	TCS	0 days 00:00:32	2009-03-17 07:27:28.453	2013-11-10 22:45:40.736	50 days 11:57:07.826000	0.03514790331196581
THT00081	TCV_HTR12_T3	GCD TCV +X+Y-Z temperature for thermal control (T3, HTR_12) from: Thermistor via IF: THERM_SIGN_081 to: CDMU-RU-A&B	degC	TCS	0 days 00:00:32	2009-03-17 07:27:28.453	2013-11-10 22:45:40.736	50 days 11:57:07.826000	0.03514790331196581
THT00082	TCV_HTR25_T3	GCD TCV -X+Y-Z temperature for thermal control (T2, HTR_25) from: Thermistor via IF: THERM_SIGN_082 to: CDMU-RU-A&B	degC	TCS	0 days 00:00:32	2009-03-17 07:27:28.453	2013-11-10 22:45:40.736	50 days 11:57:07.826000	0.03514790331196581
THT00083	TCV_HTR37_T3	GCD TCV -X+Y+Z temperature for thermal control (T3, HTR_37) from: Thermistor via IF: THERM_SIGN_083 to: CDMU-RU-A&B	degC	TCS	0 days 00:00:32	2009-03-17 07:27:28.453	2013-11-10 22:45:40.736	50 days 11:57:07.826000	0.03514790331196581
THT00084	TCV_HTR45_T3	GCD TCV -X-Y-Z temperature for thermal control (T3, HTR_45) from: Thermistor via IF: THERM_SIGN_084 to: CDMU-RU-A&B	degC	TCS	0 days 00:00:32	2009-03-17 07:27:28.453	2013-11-10 22:45:40.736	50 days 11:57:07.826000	0.03514790331196581
THT00087	PIPE_EX_HTR1_T3	XST-to-PXFA platform external xenon-pipe temperature for thermal control (T3, HTR_32) from: Thermistor via IF: THERM_SIGN_087 to: CDMU-RU-A&B	degC	TCS	0 days 00:00:32	2009-03-17 07:27:28.453	2013-11-10 22:45:40.736	50 days 11:57:07.826000	0.03514790331196581
THT00090	EGG_IF1&5_HTR_T3	EGG-Structure I/F 1 & 5 Upper Double Panel temperature for thermal control (T3, HTR_18 & HTR_42) from: Thermistor via IF: THERM_SIGN_090 to: CDMU-RU-A&B	degC	TCS	0 days 00:00:32	2009-03-17 07:27:28.453	2013-11-10 22:45:40.736	50 days 11:57:07.826000	0.03514790331196581
THT00091	EGG_IF3&6_HTR_T3	EGG-Structure I/F 3 & 6  Upper Double Panel temperature for thermal control (T3, HTR_30 & HTR_48) from: Thermistor via IF: THERM_SIGN_091 to: CDMU-RU-A&B	degC	TCS	0 days 00:00:32	2009-03-17 07:27:28.453	2013-11-10 22:45:40.736	50 days 11:57:07.826000	0.03514790331196581
THT00096	PXFA2_HTR_T2	Floor 1 PXFA 2 temperature for thermal control (T2, HTR_28 & HTR_09) from: Thermistor via IF: THERM_SIGN_096 to: CDMU-RU-A&B	degC	TCS	0 days 00:00:32	2009-03-17 07:27:28.453	2013-11-10 22:45:40.736	50 days 11:57:07.826000	0.03514790331196581
THT00097	PXFA2_HPS_HTR_T2	PXFA2 High Pressure Section temperature for thermal control (T2, HTR_44) from: Thermistor via IF: THERM_SIGN_097 to: CDMU-RU-A&B	degC	TCS	0 days 00:00:32	2009-03-17 07:27:28.453	2013-11-10 22:45:40.736	50 days 11:57:07.826000	0.03514790331196581
THT00098	IPCU_A_HTR_T3	Floor 1 IPCU A temperature for thermal control (T3, HTR_23 & HTR_29) from: Thermistor via IF: THERM_SIGN_098 to: CDMU-RU-A&B	degC	TCS	0 days 00:00:32	2009-03-17 07:27:28.453	2013-11-10 22:45:40.736	50 days 11:57:07.826000	0.03514790331196581
THT00099	XST_HTR2_T2	Xenon Tank temperature for thermal control (T2, HTR_27) from: Thermistor via IF: THERM_SIGN_099 to: CDMU-RU-A&B	degC	TCS	0 days 00:00:32	2009-03-17 07:27:28.453	2013-11-10 22:45:40.736	50 days 11:57:07.826000	0.03514790331196581
THT00100	XST_HTR2_T3	Xenon Tank temperature for thermal control (T3, HTR_27) from: Thermistor via IF: THERM_SIGN_100 to: CDMU-RU-A&B	degC	TCS	0 days 00:00:32	2009-03-17 07:27:28.453	2013-11-10 22:45:40.736	50 days 11:57:07.826000	0.03514790331196581
THT00101	LIB_FLR_HTR_T3	Battery Floor 7 temperature for thermal control (T3, HTR_13) from: Thermistor via IF: THERM_SIGN_101 to: CDMU-RU-A&B	degC	TCS	0 days 00:00:32	2009-03-17 07:27:28.453	2013-11-10 22:45:40.736	50 days 11:57:07.826000	0.03514790331196581
THT00102	GCD_HTR_T1	Floor 6 GCD temperature for thermal control (T3, HTR_39) from: Thermistor via IF: THERM_SIGN_102 to: CDMU-RU-A&B	degC	TCS	0 days 00:00:32	2009-03-17 07:27:28.453	2013-11-10 22:45:40.736	50 days 11:57:07.826000	0.03514790331196581
THT00104	LIB_CELL_HTR_T3	Battery internal cell temperature for thermal control (T3, HTR_22) from: Thermistor via IF: THERM_SIGN_104 to: CDMU-RU-A&B	degC	TCS	0 days 00:00:32	2009-03-17 07:27:28.453	2013-11-10 22:45:40.736	50 days 11:57:07.826000	0.03514790331196581
THT00105	PCDU Temp B	PCDU Internal temperature for monitoring from: Thermistor via IF: THERM_SIGN_105 to: CDMU-RU-A&B	degC	TCS	0 days 00:00:32	2009-03-17 07:27:28.453	2013-11-10 22:45:40.736	50 days 11:57:07.826000	0.03514790331196581
THT00106	STC1 Dom Therm R	TCEU G01 temperature  from: Thermistor via IF: THERM_SIGN_106 to: CDMU-RU-A&B	degC	TCS	0 days 00:00:32	2009-03-17 07:27:28.453	2013-11-10 22:45:40.736	50 days 11:57:07.826000	0.03514790331196581
THT00107	STC2 Dom Therm R	TCEU G01 temperature  from: Thermistor via IF: THERM_SIGN_107 to: CDMU-RU-A&B	degC	TCS	0 days 00:00:32	2009-03-17 07:27:28.453	2013-11-10 22:45:40.736	50 days 11:57:07.826000	0.03514790331196581
THT00109	PXFA2_HPS_HTR_T3	PXFA2 High Pressure Section temperature for thermal control (T3, HTR_44) from: Thermistor via IF: THERM_SIGN_117 to: CDMU-RU-A&B	degC	TCS	0 days 00:00:32	2009-03-17 07:27:28.453	2013-11-10 22:45:40.736	50 days 11:57:07.826000	0.03514790331196581
THT00110	PXFA2_HTR_T3	Floor 1 PXFA 2 temperature for thermal control (T3, HTR_28 & HTR_09) from: Thermistor via IF: THERM_SIGN_119 to: CDMU-RU-A&B	degC	TCS	0 days 00:00:32	2009-03-17 07:27:28.453	2013-11-10 22:45:40.736	50 days 11:57:07.826000	0.03514790331196581
THT00111	IPCU_B_HTR_T3	Floor 1 IPCU B temperature for thermal control (T3, HTR_40 & HTR_47) from: Thermistor via IF: THERM_SIGN_111 to: CDMU-RU-A&B	degC	TCS	0 days 00:00:32	2009-03-17 07:27:28.453	2013-11-10 22:45:40.736	50 days 11:57:07.826000	0.03514790331196581
THT00112	TCV_HTR21_T3	GCD TCV +X+Y+Z temperature for thermal control (T3, HTR_21) from: Thermistor via IF: THERM_SIGN_112 to: CDMU-RU-A&B	degC	TCS	0 days 00:00:32	2009-03-17 07:27:28.453	2013-11-10 22:45:40.736	50 days 11:57:07.826000	0.03514790331196581
THT00113	TCV_HTR31_T3	GCD TCV +X-Y-Z temperature for thermal control (T3, HTR_31) from: Thermistor via IF: THERM_SIGN_113 to: CDMU-RU-A&B	degC	TCS	0 days 00:00:32	2009-03-17 07:27:28.453	2013-11-10 22:45:40.736	50 days 11:57:07.826000	0.03514790331196581
THT00114	TCV_HTR38_T3	GCD TCV +X-Y+Z temperature for thermal control (T3, HTR_38) from: Thermistor via IF: THERM_SIGN_114 to: CDMU-RU-A&B	degC	TCS	0 days 00:00:32	2009-03-17 07:27:28.453	2013-11-10 22:45:40.736	50 days 11:57:07.826000	0.03514790331196581
THT00115	TCV_HTR46_T3	GCD TCV -X-Y+Z temperature for thermal control (T3, HTR_46) from: Thermistor via IF: THERM_SIGN_115 to: CDMU-RU-A&B	degC	TCS	0 days 00:00:32	2009-03-17 07:27:28.453	2013-11-10 22:45:40.736	50 days 11:57:07.826000	0.03514790331196581
THT00118	PIPE_EX_HTR2_T3	XST-to-PXFA platform external xenon-pipe temperature for thermal control (T3, HTR_41) from: Thermistor via IF: THERM_SIGN_118 to: CDMU-RU-A&B	degC	TCS	0 days 00:00:32	2009-03-17 07:27:28.453	2013-11-10 22:45:40.736	50 days 11:57:07.826000	0.03514790331196581
THT00120	EGG_IF2_HTR_T3	EGG-Structure I/F 2 Lower Double Panel temperature for thermal control (T3, HTR_24) from: Thermistor via IF: THERM_SIGN_120 to: CDMU-RU-A&B	degC	TCS	0 days 00:00:32	2009-03-17 07:27:28.453	2013-11-10 22:45:40.736	50 days 11:57:07.826000	0.03514790331196581
THT00121	EGG_IF4_HTR_T3	EGG-Structure I/F 4 Lower Double Panel temperature for thermal control (T3, HTR_36) from: Thermistor via IF: THERM_SIGN_121 to: CDMU-RU-A&B	degC	TCS	0 days 00:00:32	2009-03-17 07:27:28.453	2013-11-10 22:45:40.736	50 days 11:57:07.826000	0.03514790331196581
THT00122	PIPE_IN_HTR1_T3	XST-to-PXFA platform internal xenon-pipe temperature for thermal control (T3, HTR_11) from: Thermistor via IF: THERM_SIGN_122 to: CDMU-RU-A&B	degC	TCS	0 days 00:00:32	2009-03-17 07:27:28.453	2013-11-10 22:45:40.736	50 days 11:57:07.826000	0.03514790331196581
THT00126	NST_TEMP_2	Nitrogen Tank Temperature T2 from: Thermistor via IF: THERM_SIGN_126 to: CDMU-RU-A&B	degC	TCS	0 days 00:00:32	2009-03-17 07:27:28.453	2013-11-10 22:45:40.736	50 days 11:57:07.826000	0.03514790331196581
THT10000	SA W+Z T N	S/A Wing +Z temperature for thermal control from: Thermistor via IF: PT1000L_00 to: CDMU-RU-A&B	degC	TCS	0 days 00:00:32	2009-03-17 07:27:28.453	2013-11-10 22:45:40.736	50 days 11:57:07.826000	0.03514790331196581
THT10001	SA W-Z T N	S/A Wing -Z temperature for thermal control from: Thermistor via IF: PT1000L_01 to: CDMU-RU-A&B	degC	TCS	0 days 00:00:32	2009-03-17 07:27:28.453	2013-11-10 22:45:40.736	50 days 11:57:07.826000	0.03514790331196581
THT10002	SA O+Z-X TEMP	Outer BMSP +Z temperature ITA side from: Thermistor via IF: PT1000L_02 to: CDMU-RU-A&B	degC	TCS	0 days 00:00:32	2009-03-17 07:27:28.453	2013-11-10 22:45:40.736	50 days 11:57:07.826000	0.03514790331196581
THT10003	SA C+Z-X TEMP	Centre BMSP +Z temperature ITA side from: Thermistor via IF: PT1000L_03 to: CDMU-RU-A&B	degC	TCS	0 days 00:00:32	2009-03-17 07:27:28.453	2013-11-10 22:45:40.736	50 days 11:57:07.826000	0.03514790331196581
THT10004	SA O-Z+X TEMP	Outer BMSP -Z temperature battery side   from: Thermistor via IF: PT1000L_04 to: CDMU-RU-A&B	degC	TCS	0 days 00:00:32	2009-03-17 07:27:28.453	2013-11-10 22:45:40.736	50 days 11:57:07.826000	0.03514790331196581
THT10005	SA C-Z+X TEMP	Centre BMSP +Z temperature  battery side  from: Thermistor via IF: PT1000L_05 to: CDMU-RU-A&B	degC	TCS	0 days 00:00:32	2009-03-17 07:27:28.453	2013-11-10 22:45:40.736	50 days 11:57:07.826000	0.03514790331196581
THT10006	ITA_2_T1	ITA 2 Thruster temperature 1 (ITA_TH_4)  from: Thermistor via IF: PT1000L_06 to: CDMU-RU-A&B	degC	TCS	0 days 00:00:32	2009-03-17 07:27:28.453	2013-11-10 22:45:40.736	50 days 11:57:07.826000	0.03514790331196581
THT10008	SA_IF_-Z+X_T1	S/A Wing I/F Bracket -Z+X temperature for thermal control (T1, HTR_14 & HTR_33) from: Thermistor via IF: PT1000L_08 to: CDMU-RU-A&B	degC	TCS	0 days 00:00:32	2009-03-17 07:27:28.453	2013-11-10 22:45:40.736	50 days 11:57:07.826000	0.03514790331196581
THT10009	SA_IF_+Z+X_T3	S/A Wing I/F Bracket +Z+X temperature for thermal control (T3, HTR_10 & HTR_26) from: Thermistor via IF: PT1000L_09 to: CDMU-RU-A&B	degC	TCS	0 days 00:00:32	2009-03-17 07:27:28.453	2013-11-10 22:45:40.736	50 days 11:57:07.826000	0.03514790331196581
THT10011	ITA_1_T1	ITA 1 Thruster temperature 1 (ITA_TH_1)  from: Thermistor via IF: PT1000L_11 to: CDMU-RU-A&B	degC	TCS	0 days 00:00:32	2009-03-17 07:27:28.453	2013-11-10 22:45:40.736	50 days 11:57:07.826000	0.03514790331196581
THT10012	ITA_2_T2	ITA 2 Thruster temperature 2 (ITA_TH_5)  from: Thermistor via IF: PT1000L_12 to: CDMU-RU-A&B	degC	TCS	0 days 00:00:32	2009-03-17 07:27:28.453	2013-11-10 22:45:40.736	50 days 11:57:07.826000	0.03514790331196581
THT10014	SA W+Z T R	S/A Wing +Z temperature for thermal control from: Thermistor via IF: PT1000L_21 to: CDMU-RU-A&B	degC	TCS	0 days 00:00:32	2009-03-17 07:27:28.453	2013-11-10 22:45:40.736	50 days 11:57:07.826000	0.03514790331196581
THT10015	SA W-Z T R	S/A Wing -Z temperature for thermal control from: Thermistor via IF: PT1000L_15 to: CDMU-RU-A&B	degC	TCS	0 days 00:00:32	2009-03-17 07:27:28.453	2013-11-10 22:45:40.736	50 days 11:57:07.826000	0.03514790331196581
THT10016	SA O+Z+X TEMP	Outer BMSP +Z temperature  battery side  from: Thermistor via IF: PT1000L_16 to: CDMU-RU-A&B	degC	TCS	0 days 00:00:32	2009-03-17 07:27:28.453	2013-11-10 22:45:40.736	50 days 11:57:07.826000	0.03514790331196581
THT10017	SA C+Z+X TEMP	Centre BMSP +Z temperature  battery side  from: Thermistor via IF: PT1000L_17 to: CDMU-RU-A&B	degC	TCS	0 days 00:00:32	2009-03-17 07:27:28.453	2013-11-10 22:45:40.736	50 days 11:57:07.826000	0.03514790331196581
THT10018	SA O-Z-X TEMP	Outer BMSP -Z temperature ITA side  from: Thermistor via IF: PT1000L_18 to: CDMU-RU-A&B	degC	TCS	0 days 00:00:32	2009-03-17 07:27:28.453	2013-11-10 22:45:40.736	50 days 11:57:07.826000	0.03514790331196581
THT10019	SA C-Z-X TEMP	Centre BMSP -Z temperature ITA side from: Thermistor via IF: PT1000L_19 to: CDMU-RU-A&B	degC	TCS	0 days 00:00:32	2009-03-17 07:27:28.453	2013-11-10 22:45:40.736	50 days 11:57:07.826000	0.03514790331196581
THT10020	ITA_2_T3	ITA 2 Thruster temperature 3 (ITA_TH_6)  from: Thermistor via IF: PT1000L_25 to: CDMU-RU-A&B	degC	TCS	0 days 00:00:32	2009-03-17 07:27:28.453	2013-11-10 22:45:40.736	50 days 11:57:07.826000	0.03514790331196581
THT10021	SA_IF_+Z+X_T2	S/A Wing I/F Bracket +Z+X temperature for thermal control (T2, HTR_10 & HTR_26) from: Thermistor via IF: PT1000L_14 to: CDMU-RU-A&B	degC	TCS	0 days 00:00:32	2009-03-17 07:27:28.453	2013-11-10 22:45:40.736	50 days 11:57:07.826000	0.03514790331196581
THT10022	SA_IF_-Z+X_T2	S/A Wing I/F Bracket -Z+X temperature for thermal control (T3, HTR_14 & HTR_33) from: Thermistor via IF: PT1000L_22 to: CDMU-RU-A&B	degC	TCS	0 days 00:00:32	2009-03-17 07:27:28.453	2013-11-10 22:45:40.736	50 days 11:57:07.826000	0.03514790331196581
THT10023	SA_IF_+Z+X_T1	S/A Wing I/F Bracket +Z+X temperature for thermal control (T1, HTR_10 & HTR_26) from: Thermistor via IF: PT1000L_23 to: CDMU-RU-A&B	degC	TCS	0 days 00:00:32	2009-03-17 07:27:28.453	2013-11-10 22:45:40.736	50 days 11:57:07.826000	0.03514790331196581
THT10024	SA_IF_-Z+X_T3	S/A Wing I/F Bracket -Z+X temperature for thermal control (T2, HTR_14 & HTR_33) from: Thermistor via IF: PT1000L_24 to: CDMU-RU-A&B	degC	TCS	0 days 00:00:32	2009-03-17 07:27:28.453	2013-11-10 22:45:40.736	50 days 11:57:07.826000	0.03514790331196581
THT10025	ITA_1_T2	ITA 1 Thruster temperature 2 (ITA_TH_2)  from: Thermistor via IF: PT1000L_20 to: CDMU-RU-A&B	degC	TCS	0 days 00:00:32	2009-03-17 07:27:28.453	2013-11-10 22:45:40.736	50 days 11:57:07.826000	0.03514790331196581
THT10026	ITA_1_T3	ITA 1 Thruster temperature 3 (ITA_TH_3)  from: Thermistor via IF: PT1000L_26 to: CDMU-RU-A&B	degC	TCS	0 days 00:00:32	2009-03-17 07:27:28.453	2013-11-10 22:45:40.736	50 days 11:57:07.826000	0.03514790331196581
THT10027	REF2PT1000L_1LVL	External 470 Ohm Reference for PT1000L first level MUX from: Thermistor via IF: PT1000L_27 to: CDMU-RU-A&B	degC	TCS	0 days 00:00:32	2009-03-17 07:27:28.453	2013-11-10 22:45:40.736	50 days 11:57:07.826000	0.03514790331196581
THT10028	REF1PT1000L_1LVL	Reference 0 for PT1000L first level MUX from: Thermistor via IF: PT1000L_REF_0 internal to: CDMU-RU-A&B	degC	TCS	0 days 00:00:32	2009-03-17 07:27:28.453	2013-11-10 22:45:40.736	50 days 11:57:07.826000	0.03514790331196581
THT10029	PT1000L_REF_1	Reference 1 for PT1000L first level MUX from: Thermistor via IF: PT1000L_REF_1 internal to: CDMU-RU-A&B	degC	TCS	0 days 00:00:32	2009-03-17 07:27:28.453	2013-11-10 22:45:40.736	50 days 11:57:07.826000	0.03514790331196581
THT10030	PT1000L_REF_2	Reference 2 for PT1000L first level MUX from: Thermistor via IF: PT1000L_REF_2 internal to: CDMU-RU-A&B	degC	TCS	0 days 00:00:32	2009-03-17 07:27:28.453	2013-11-10 22:45:40.736	50 days 11:57:07.826000	0.03514790331196581
THT10031	PT1000L_REF_3	Reference 3 for PT1000L first level MUX from: Thermistor via IF: PT1000L_REF_3 internal to: CDMU-RU-A&B	degC	TCS	0 days 00:00:32	2009-03-17 07:27:28.453	2013-11-10 22:45:40.736	50 days 11:57:07.826000	0.03514790331196581
XHT00003	TRSP1 RX Temp	TRSP1 RX Temp from: TRSP_1 via IF: ASMN_02 to: CDMU-RU-A&B	degC	RFF	0 days 00:00:16	2009-03-17 07:27:28.453	2013-11-10 22:45:56.731	50 days 11:56:35.829000	0.03514790331196581
XHT00008	TRSP1 TX Temp	TRSP1 TX Temp from: TRSP_1 via IF: ASMN_07 to: CDMU-RU-A&B	degC	RFF	0 days 00:00:16	2009-03-17 07:27:28.453	2013-11-10 22:45:56.731	50 days 11:56:35.829000	0.03514790331196581
XHT00014	TRSP2 RX Temp	TRSP2 RX Temp from: TRSP_2 via IF: ASMN_50 to: CDMU-RU-A&B	degC	RFF	0 days 00:00:16	2009-03-17 07:27:28.453	2013-11-10 22:45:56.731	50 days 11:56:35.829000	0.03514790331196581
XHT00019	TRSP2 TX Temp	TRSP2 TX Temp from: TRSP_2 via IF: ASMN_55 to: CDMU-RU-A&B	degC	RFF	0 days 00:00:16	2009-03-17 07:27:28.453	2013-11-10 22:45:56.731	50 days 11:56:35.829000	0.03514790331196581
IHT13050	HPT	High Pressure Transducer sensor	bar	ITA	0 days 00:00:08	2009-03-17 09:09:49.821	2013-10-21 03:19:23.590	72 days 17:13:09.635000	0.13283336672008547
IHT13051	LPT	Low Pressure Transducer sensor	bar	ITA	0 days 00:00:08	2009-03-17 09:09:49.821	2013-10-21 03:19:23.590	72 days 17:13:09.635000	0.13283336672008547
MHT00001	GCDE_A_LPT	Low Pressure Transducer 0 to 1 bar from: GCDE_A via IF: ASMN_44 to: CDMU-RU-A&B	bar	GCD	0 days 00:00:16	2009-03-17 07:27:28.453	2013-11-10 22:45:56.731	50 days 11:56:35.829000	0.03514790331196581
MHT00003	GCDE_A_HPT	High Pressure Transducer 0 to 195 from: GCDE_A via IF: ASMN_46 to: CDMU-RU-A&B	bar	GCD	0 days 00:00:16	2009-03-17 07:27:28.453	2013-11-10 22:45:56.731	50 days 11:56:35.829000	0.03514790331196581
MHT01001	GCDE_B_LPT	Low Pressure Transducer 0 to 1 bar from: GCDE_B via IF: ASMN_92 to: CDMU-RU-A&B	bar	GCD	0 days 00:00:16	2009-03-17 07:27:28.453	2013-11-10 22:45:56.731	50 days 11:56:35.829000	0.03514790331196581
MHT01003	GCDE_B_HPT	High Pressure Transducer 0 to 195 from: GCDE_B via IF: ASMN_94 to: CDMU-RU-A&B	bar	GCD	0 days 00:00:16	2009-03-17 07:27:28.453	2013-11-10 22:45:56.731	50 days 11:56:35.829000	0.03514790331196581
IHT13022	DC_STRIKE_CUR	DC_STRIKE_CUR	A	ITA	0 days 00:00:08	2009-03-17 09:09:49.821	2013-10-21 03:19:23.590	72 days 17:13:09.635000	0.13283336672008547
IHT13024	DC_KEEPER_CUR	DC_KEEPER_CUR	A	ITA	0 days 00:00:08	2009-03-17 09:09:49.821	2013-10-21 03:19:23.590	72 days 17:13:09.635000	0.13283336672008547
IHT13026	ANODE_CURRENT	ANODE_CURRENT	A	ITA	0 days 00:00:08	2009-03-17 09:09:49.821	2013-10-21 03:19:23.590	72 days 17:13:09.635000	0.13283336672008547
IHT13028	BURNAWAY_CURRENT	BURNAWAY_CURRENT	A	ITA	0 days 00:00:08	2009-03-17 09:09:49.821	2013-10-21 03:19:23.590	72 days 17:13:09.635000	0.13283336672008547
IHT13035	IBCV_CURRENT	IBCV_CURRENT	A	ITA	0 days 00:00:08	2009-03-17 09:09:49.821	2013-10-21 03:19:23.590	72 days 17:13:09.635000	0.13283336672008547
IHT13038	ACCGRID_CURRENT	ACCGRID_CURRENT	A	ITA	0 days 00:00:08	2009-03-17 09:09:49.821	2013-10-21 03:19:23.590	72 days 17:13:09.635000	0.13283336672008547
IHT13040	NC_HTR_CURRENT	NC heater current	A	ITA	0 days 00:00:08	2009-03-17 09:09:49.821	2013-10-21 03:19:23.590	72 days 17:13:09.635000	0.13283336672008547
IHT13099	IBCV_CURRENT_1	IBCV current 1	A	ITA	0 days 00:00:08	2009-03-17 09:09:49.821	2013-10-21 03:19:23.590	72 days 17:13:09.635000	0.13283336672008547
IHT13101	IBCV_CURRENT_2	IBCV current 2	A	ITA	0 days 00:00:08	2009-03-17 09:09:49.821	2013-10-21 03:19:23.590	72 days 17:13:09.635000	0.13283336672008547
IHT13103	IBCV_CURRENT_3	IBCV current 3	A	ITA	0 days 00:00:08	2009-03-17 09:09:49.821	2013-10-21 03:19:23.590	72 days 17:13:09.635000	0.13283336672008547
IHT13105	IBCV_CURRENT_4	IBCV current 4	A	ITA	0 days 00:00:08	2009-03-17 09:09:49.821	2013-10-21 03:19:23.590	72 days 17:13:09.635000	0.13283336672008547
IHT13107	IBCV_CURRENT_5	IBCV current 5	A	ITA	0 days 00:00:08	2009-03-17 09:09:49.821	2013-10-21 03:19:23.590	72 days 17:13:09.635000	0.13283336672008547
PHT10040	BAT_CHARGE_CUR_N	Battery charge current nominal from: PCDU via IF: SD16_1N_or_1R to: CDMU-RU-A&B (PCDU-ICD-Info: c_bat_chr_tm_n_S1/W3)	A	EPS	0 days 00:00:15.995000	2009-03-17 07:27:28.608	2013-11-10 22:45:56.736	50 days 11:56:35.827000	0.03514790331196581
PHT10060	BAT_DISCH_CUR_N	Battery discharge current nominal from: PCDU via IF: SD16_1N_or_1R to: CDMU-RU-A&B (PCDU-ICD-Info: c_bat_dis_tm_n_S1/W4)	A	EPS	0 days 00:00:15.995000	2009-03-17 07:27:28.608	2013-11-10 22:45:56.736	50 days 11:56:35.827000	0.03514790331196581
PHT10080	BAT_CHARGE_CUR_R	Battery charge current redundant from: PCDU via IF: SD16_1N_or_1R to: CDMU-RU-A&B (PCDU-ICD-Info: c_bat_chr_tm_r_S1/W5)	A	EPS	0 days 00:00:15.995000	2009-03-17 07:27:28.608	2013-11-10 22:45:56.736	50 days 11:56:35.827000	0.03514790331196581
PHT10100	BAT_DISCH_CUR_R	Battery discharge current redundant from: PCDU via IF: SD16_1N_or_1R to: CDMU-RU-A&B (PCDU-ICD-Info: c_bat_dis_tm_r_S1/W6)	A	EPS	0 days 00:00:15.995000	2009-03-17 07:27:28.608	2013-11-10 22:45:56.736	50 days 11:56:35.827000	0.03514790331196581
PHT10120	IPCU_N_LCL_CUR	Current of nominal LC42 outlet from: PCDU via IF: SD16_1N_or_1R to: CDMU-RU-A&B (PCDU-ICD-Info: cbt_lcl42a_cur_n_S1/W7)	A	EPS	0 days 00:00:15.995000	2009-03-17 07:27:28.608	2013-11-10 22:45:56.736	50 days 11:56:35.827000	0.03514790331196581
PHT10140	IPCU_R_LCL_CUR	Current of redundant LC42 outlet from: PCDU via IF: SD16_1N_or_1R to: CDMU-RU-A&B (PCDU-ICD-Info: cbt_lcl42a_cur_r_S1/W8)	A	EPS	0 days 00:00:15.995000	2009-03-17 07:27:28.608	2013-11-10 22:45:56.736	50 days 11:56:35.827000	0.03514790331196581
PHT10360	HTRGRPA1_LCL_CUR	Heater 1 module, group 1 LCL current from: PCDU via IF: SD16_1N_or_1R to: CDMU-RU-A&B (PCDU-ICD-Info: c_htr1_tm_lcl1_c_S1/W19)	A	EPS	0 days 00:00:15.995000	2009-03-17 07:27:28.608	2013-11-10 22:45:56.736	50 days 11:56:35.827000	0.03514790331196581
PHT10380	HTRGRPA2_LCL_CUR	Heater 1 module, group 2 LCL current from: PCDU via IF: SD16_1N_or_1R to: CDMU-RU-A&B (PCDU-ICD-Info: c_htr1_tm_lcl2_c_S1/W20)	A	EPS	0 days 00:00:15.995000	2009-03-17 07:27:28.608	2013-11-10 22:45:56.736	50 days 11:56:35.827000	0.03514790331196581
PHT10400	HTRGRPA3_LCL_CUR	Heater 1 module, group 3 LCL current from: PCDU via IF: SD16_1N_or_1R to: CDMU-RU-A&B (PCDU-ICD-Info: c_htr1_tm_lcl3_c_S1/W21)	A	EPS	0 days 00:00:15.995000	2009-03-17 07:27:28.608	2013-11-10 22:45:56.736	50 days 11:56:35.827000	0.03514790331196581
PHT10420	HTRGRPA4_LCL_CUR	Heater 1 module, group 4 LCL current from: PCDU via IF: SD16_1N_or_1R to: CDMU-RU-A&B (PCDU-ICD-Info: c_htr1_tm_lcl4_c_S1/W22)	A	EPS	0 days 00:00:15.995000	2009-03-17 07:27:28.608	2013-11-10 22:45:56.736	50 days 11:56:35.827000	0.03514790331196581
PHT10480	HTRGRPA5_LCL_CUR	Heater 2 module, group 1 LCL current from: PCDU via IF: SD16_1N_or_1R to: CDMU-RU-A&B (PCDU-ICD-Info: c_htr2_tm_lcl1_c_S1/W25)	A	EPS	0 days 00:00:15.995000	2009-03-17 07:27:28.608	2013-11-10 22:45:56.736	50 days 11:56:35.827000	0.03514790331196581
PHT10500	HTRGRPA6_LCL_CUR	Heater 2 module, group 2 LCL current from: PCDU via IF: SD16_1N_or_1R to: CDMU-RU-A&B (PCDU-ICD-Info: c_htr2_tm_lcl2_c_S1/W26)	A	EPS	0 days 00:00:15.995000	2009-03-17 07:27:28.608	2013-11-10 22:45:56.736	50 days 11:56:35.827000	0.03514790331196581
PHT10520	HTRGRPA7_LCL_CUR	Heater 2 module, group 3 LCL current from: PCDU via IF: SD16_1N_or_1R to: CDMU-RU-A&B (PCDU-ICD-Info: c_htr2_tm_lcl3_c_S1/W27)	A	EPS	0 days 00:00:15.995000	2009-03-17 07:27:28.608	2013-11-10 22:45:56.736	50 days 11:56:35.827000	0.03514790331196581
PHT10540	HTRGRPA8_LCL_CUR	Heater 2 module, group 4 LCL current from: PCDU via IF: SD16_1N_or_1R to: CDMU-RU-A&B (PCDU-ICD-Info: c_htr2_tm_lcl4_c_S1/W28)	A	EPS	0 days 00:00:15.995000	2009-03-17 07:27:28.608	2013-11-10 22:45:56.736	50 days 11:56:35.827000	0.03514790331196581
PHT10600	HTRGRPB1_LCL_CUR	Heater 3 module, group 1 LCL current from: PCDU via IF: SD16_1N_or_1R to: CDMU-RU-A&B (PCDU-ICD-Info: c_htr3_tm_lcl1_c_S1/W31)	A	EPS	0 days 00:00:15.995000	2009-03-17 07:27:28.608	2013-11-10 22:45:56.736	50 days 11:56:35.827000	0.03514790331196581
PHT10620	HTRGRPB2_LCL_CUR	Heater 3 module, group 2 LCL current from: PCDU via IF: SD16_1N_or_1R to: CDMU-RU-A&B (PCDU-ICD-Info: c_htr3_tm_lcl2_c_S1/W32)	A	EPS	0 days 00:00:15.995000	2009-03-17 07:27:28.608	2013-11-10 22:45:56.736	50 days 11:56:35.827000	0.03514790331196581
PHT10640	HTRGRPB3_LCL_CUR	Heater 3 module, group 3 LCL current from: PCDU via IF: SD16_1N_or_1R to: CDMU-RU-A&B (PCDU-ICD-Info: c_htr3_tm_lcl3_c_S1/W33)	A	EPS	0 days 00:00:15.995000	2009-03-17 07:27:28.608	2013-11-10 22:45:56.736	50 days 11:56:35.827000	0.03514790331196581
PHT10660	HTRGRPB4_LCL_CUR	Heater 3 module, group 4 LCL current from: PCDU via IF: SD16_1N_or_1R to: CDMU-RU-A&B (PCDU-ICD-Info: c_htr3_tm_lcl4_c_S1/W34)	A	EPS	0 days 00:00:15.995000	2009-03-17 07:27:28.608	2013-11-10 22:45:56.736	50 days 11:56:35.827000	0.03514790331196581
PHT10720	HTRGRPB5_LCL_CUR	Heater 4 module, group 1 LCL current from: PCDU via IF: SD16_1N_or_1R to: CDMU-RU-A&B (PCDU-ICD-Info: c_htr4_tm_lcl1_c_S1/W37)	A	EPS	0 days 00:00:15.995000	2009-03-17 07:27:28.608	2013-11-10 22:45:56.736	50 days 11:56:35.827000	0.03514790331196581
PHT10780	HTRGRPB6_LCL_CUR	Heater 4 module, group 2 LCL current from: PCDU via IF: SD16_1N_or_1R to: CDMU-RU-A&B (PCDU-ICD-Info: c_htr4_tm_lcl2_c_S2/W3)	A	EPS	0 days 00:00:15.995000	2009-03-17 07:27:28.608	2013-11-10 22:45:56.736	50 days 11:56:35.827000	0.03514790331196581
PHT10800	HTRGRPB7_LCL_CUR	Heater 4 module, group 3 LCL current from: PCDU via IF: SD16_1N_or_1R to: CDMU-RU-A&B (PCDU-ICD-Info: c_htr4_tm_lcl3_c_S2/W4)	A	EPS	0 days 00:00:15.995000	2009-03-17 07:27:28.608	2013-11-10 22:45:56.736	50 days 11:56:35.827000	0.03514790331196581
PHT10820	HTRGRPB8_LCL_CUR	Heater 4 module, group 4 LCL current from: PCDU via IF: SD16_1N_or_1R to: CDMU-RU-A&B (PCDU-ICD-Info: c_htr4_tm_lcl4_c_S2/W5)	A	EPS	0 days 00:00:15.995000	2009-03-17 07:27:28.608	2013-11-10 22:45:56.736	50 days 11:56:35.827000	0.03514790331196581
PHT10880	RU_A_LCL_CUR	LCL L1_LC1 Current, CV3 for CDMU RU A from: PCDU via IF: SD16_1N_or_1R to: CDMU-RU-A&B (PCDU-ICD-Info: c_ilcl1_tm1_S2/W8)	A	EPS	0 days 00:00:15.995000	2009-03-17 07:27:28.608	2013-11-10 22:45:56.736	50 days 11:56:35.827000	0.03514790331196581
PHT10900	MT_A_LCL_CUR	LCL L1_LC2 Current, CDMU MT A from: PCDU via IF: SD16_1N_or_1R to: CDMU-RU-A&B (PCDU-ICD-Info: c_ilcl1_tm2_S2/W9)	A	EPS	0 days 00:00:15.995000	2009-03-17 07:27:28.608	2013-11-10 22:45:56.736	50 days 11:56:35.827000	0.03514790331196581
PHT10940	SPL1LC4_LCL_CUR	LCL L1_LC4 Current, Spare from: PCDU via IF: SD16_1N_or_1R to: CDMU-RU-A&B (PCDU-ICD-Info: c_ilcl1_tm4_S2/W11)	A	EPS	0 days 00:00:15.995000	2009-03-17 07:27:28.608	2013-11-10 22:45:56.736	50 days 11:56:35.827000	0.03514790331196581
PHT10960	GAIEU_A_LCL_CUR	LCL L1_LC5 Current, EGG GAIEU A from: PCDU via IF: SD16_1N_or_1R to: CDMU-RU-A&B (PCDU-ICD-Info: c_ilcl1_tm5_S2/W12)	A	EPS	0 days 00:00:15.995000	2009-03-17 07:27:28.608	2013-11-10 22:45:56.736	50 days 11:56:35.827000	0.03514790331196581
PHT10980	EGG_S6_LCL_CUR_N	LCL L1_LC6 Current, EGG Spare from: PCDU via IF: SD16_1N_or_1R to: CDMU-RU-A&B (PCDU-ICD-Info: c_ilcl1_tm6_S2/W13)	A	EPS	0 days 00:00:15.995000	2009-03-17 07:27:28.608	2013-11-10 22:45:56.736	50 days 11:56:35.827000	0.03514790331196581
PHT11040	DSS_A_LCL_CUR	LCL L1_LC9 Current, DSS A from: PCDU via IF: SD16_1N_or_1R to: CDMU-RU-A&B (PCDU-ICD-Info: c_ilcl1_tm9_S2/W16)	A	EPS	0 days 00:00:15.995000	2009-03-17 07:27:28.608	2013-11-10 22:45:56.736	50 days 11:56:35.827000	0.03514790331196581
PHT11060	PM_A_FCL_CUR	LCL L1_LC10 (FCL) Current, CV2 for CDMU Processor Module A from: PCDU via IF: SD16_1N_or_1R to: CDMU-RU-A&B (PCDU-ICD-Info: c_ilcl1_tm10_S2/W17)	A	EPS	0 days 00:00:15.995000	2009-03-17 07:27:28.608	2013-11-10 22:45:56.736	50 days 11:56:35.827000	0.03514790331196581
PHT11080	SPL1LC11_FCL_CUR	LCL L1_LC11 (FCL) Current, Spare from: PCDU via IF: SD16_1N_or_1R to: CDMU-RU-A&B (PCDU-ICD-Info: c_ilcl1_tm11_S2/W18)	A	EPS	0 days 00:00:15.995000	2009-03-17 07:27:28.608	2013-11-10 22:45:56.736	50 days 11:56:35.827000	0.03514790331196581
PHT11100	MGM_1_FCL_CUR	LCL L1_LC12 (FCL) Current, Magnetometer 1 from: PCDU via IF: SD16_1N_or_1R to: CDMU-RU-A&B (PCDU-ICD-Info: c_ilcl1_tm12_S2/W19)	A	EPS	0 days 00:00:15.995000	2009-03-17 07:27:28.608	2013-11-10 22:45:56.736	50 days 11:56:35.827000	0.03514790331196581
PHT11140	TX_1_LCL_CUR	LCL L2_LC1 Current, Transponder Tx 1 from: PCDU via IF: SD16_1N_or_1R to: CDMU-RU-A&B (PCDU-ICD-Info: c_ilcl2_tm1_S2/W21)	A	EPS	0 days 00:00:15.995000	2009-03-17 07:27:28.608	2013-11-10 22:45:56.736	50 days 11:56:35.827000	0.03514790331196581
PHT11160	TCEU_A_LCL_CUR	LCL L2_LC2 Current, EGG TCEU A from: PCDU via IF: SD16_1N_or_1R to: CDMU-RU-A&B (PCDU-ICD-Info: c_ilcl2_tm2_S2/W22)	A	EPS	0 days 00:00:15.995000	2009-03-17 07:27:28.608	2013-11-10 22:45:56.736	50 days 11:56:35.827000	0.03514790331196581
PHT11180	SSTI_A_LCL_CUR	LCL L2_LC3 Current, SSTI A from: PCDU via IF: SD16_1N_or_1R to: CDMU-RU-A&B (PCDU-ICD-Info: c_ilcl2_tm3_S2/W23)	A	EPS	0 days 00:00:15.995000	2009-03-17 07:27:28.608	2013-11-10 22:45:56.736	50 days 11:56:35.827000	0.03514790331196581
PHT11200	STR_1_LCL_CUR	LCL L2_LC4 Current, Star Tracker 1 from: PCDU via IF: SD16_1N_or_1R to: CDMU-RU-A&B (PCDU-ICD-Info: c_ilcl2_tm4_S2/W24)	A	EPS	0 days 00:00:15.995000	2009-03-17 07:27:28.608	2013-11-10 22:45:56.736	50 days 11:56:35.827000	0.03514790331196581
PHT11220	GCDE_A_LCL_CUR	LCL L2_LC5 Current, GCDE A from: PCDU via IF: SD16_1N_or_1R to: CDMU-RU-A&B (PCDU-ICD-Info: c_ilcl2_tm5_S2/W25)	A	EPS	0 days 00:00:15.995000	2009-03-17 07:27:28.608	2013-11-10 22:45:56.736	50 days 11:56:35.827000	0.03514790331196581
PHT11240	SPL2LC6_LCL_CUR	LCL L2_LC6 Current, Spare from: PCDU via IF: SD16_1N_or_1R to: CDMU-RU-A&B (PCDU-ICD-Info: c_ilcl2_tm6_S2/W26)	A	EPS	0 days 00:00:15.995000	2009-03-17 07:27:28.608	2013-11-10 22:45:56.736	50 days 11:56:35.827000	0.03514790331196581
PHT11300	PXFA_1_LCL_CUR	LCL L2_LC9 Current, PXFA 1 from: PCDU via IF: SD16_1N_or_1R to: CDMU-RU-A&B (PCDU-ICD-Info: c_ilcl2_tm9_S2/W29)	A	EPS	0 days 00:00:15.995000	2009-03-17 07:27:28.608	2013-11-10 22:45:56.736	50 days 11:56:35.827000	0.03514790331196581
PHT11320	RM_A_FCL_CUR	LCL L2_LC10 (FCL) Current, CV1 for CDMU RM A and TM A and TC A from: PCDU via IF: SD16_1N_or_1R to: CDMU-RU-A&B (PCDU-ICD-Info: c_ilcl2_tm10_S2/W30)	A	EPS	0 days 00:00:15.995000	2009-03-17 07:27:28.608	2013-11-10 22:45:56.736	50 days 11:56:35.827000	0.03514790331196581
PHT11340	RX_1_FCL_CUR	LCL L2_LC11 (FCL) Current, TRSP Rx 1 from: PCDU via IF: SD16_1N_or_1R to: CDMU-RU-A&B (PCDU-ICD-Info: c_ilcl2_tm11_S2/W31)	A	EPS	0 days 00:00:15.995000	2009-03-17 07:27:28.608	2013-11-10 22:45:56.736	50 days 11:56:35.827000	0.03514790331196581
PHT11360	MGM_2_FCL_CUR	LCL L2_LC12 (FCL) Current, Magnetometer 2 from: PCDU via IF: SD16_1N_or_1R to: CDMU-RU-A&B (PCDU-ICD-Info: c_ilcl2_tm12_S2/W32)	A	EPS	0 days 00:00:15.995000	2009-03-17 07:27:28.608	2013-11-10 22:45:56.736	50 days 11:56:35.827000	0.03514790331196581
PHT11400	RU_B_LCL_CUR	LCL L3_LC1 Current, CV3 for CDMU RU B from: PCDU via IF: SD16_1N_or_1R to: CDMU-RU-A&B (PCDU-ICD-Info: c_ilcl3_tm1_S2/W34)	A	EPS	0 days 00:00:15.995000	2009-03-17 07:27:28.608	2013-11-10 22:45:56.736	50 days 11:56:35.827000	0.03514790331196581
PHT11420	MT_B_LCL_CUR	LCL L3_LC2 Current, CDMU MT B from: PCDU via IF: SD16_1N_or_1R to: CDMU-RU-A&B (PCDU-ICD-Info: c_ilcl3_tm2_S2/W35)	A	EPS	0 days 00:00:15.995000	2009-03-17 07:27:28.608	2013-11-10 22:45:56.736	50 days 11:56:35.827000	0.03514790331196581
PHT11460	STR_2_LCL_CUR	LCL L3_LC4 Current, Star Tracker 2 from: PCDU via IF: SD16_1N_or_1R to: CDMU-RU-A&B (PCDU-ICD-Info: c_ilcl3_tm4_S2/W37)	A	EPS	0 days 00:00:15.995000	2009-03-17 07:27:28.608	2013-11-10 22:45:56.736	50 days 11:56:35.827000	0.03514790331196581
PHT11520	GAIEU_B_LCL_CUR	LCL L3_LC5 Current, EGG GAIEU B from: PCDU via IF: SD16_1N_or_1R to: CDMU-RU-A&B (PCDU-ICD-Info: c_ilcl3_tm5_S3/W3)	A	EPS	0 days 00:00:15.995000	2009-03-17 07:27:28.608	2013-11-10 22:45:56.736	50 days 11:56:35.827000	0.03514790331196581
PHT11540	EGG_S6_LCL_CUR_R	LCL L3_LC6 Current, EGG Spare from: PCDU via IF: SD16_1N_or_1R to: CDMU-RU-A&B (PCDU-ICD-Info: c_ilcl3_tm6_S3/W4)	A	EPS	0 days 00:00:15.995000	2009-03-17 07:27:28.608	2013-11-10 22:45:56.736	50 days 11:56:35.827000	0.03514790331196581
PHT11600	DSS_B_LCL_CUR	LCL L3_LC9 Current, DSS B from: PCDU via IF: SD16_1N_or_1R to: CDMU-RU-A&B (PCDU-ICD-Info: c_ilcl3_tm9_S3/W7)	A	EPS	0 days 00:00:15.995000	2009-03-17 07:27:28.608	2013-11-10 22:45:56.736	50 days 11:56:35.827000	0.03514790331196581
PHT11700	TX_2_LCL_CUR	LCL L4_LC1 Current, Transponder Tx 2 from: PCDU via IF: SD16_1N_or_1R to: CDMU-RU-A&B (PCDU-ICD-Info: c_ilcl4_tm1_S3/W12)	A	EPS	0 days 00:00:15.995000	2009-03-17 07:27:28.608	2013-11-10 22:45:56.736	50 days 11:56:35.827000	0.03514790331196581
PHT11720	TCEU_B_LCL_CUR	LCL L4_LC2 Current, EGG TCEU B from: PCDU via IF: SD16_1N_or_1R to: CDMU-RU-A&B (PCDU-ICD-Info: c_ilcl4_tm2_S3/W13)	A	EPS	0 days 00:00:15.995000	2009-03-17 07:27:28.608	2013-11-10 22:45:56.736	50 days 11:56:35.827000	0.03514790331196581
PHT11740	SSTI_B_LCL_CUR	LCL L4_LC3 Current, SSTI B from: PCDU via IF: SD16_1N_or_1R to: CDMU-RU-A&B (PCDU-ICD-Info: c_ilcl4_tm3_S3/W14)	A	EPS	0 days 00:00:15.995000	2009-03-17 07:27:28.608	2013-11-10 22:45:56.736	50 days 11:56:35.827000	0.03514790331196581
PHT11760	STR_3_LCL_CUR	LCL L4_LC4 Current, Star Tracker 3 from: PCDU via IF: SD16_1N_or_1R to: CDMU-RU-A&B (PCDU-ICD-Info: c_ilcl4_tm4_S3/W15)	A	EPS	0 days 00:00:15.995000	2009-03-17 07:27:28.608	2013-11-10 22:45:56.736	50 days 11:56:35.827000	0.03514790331196581
PHT11780	GCDE_B_LCL_CUR	LCL L4_LC5 Current, GCDE B from: PCDU via IF: SD16_1N_or_1R to: CDMU-RU-A&B (PCDU-ICD-Info: c_ilcl4_tm5_S3/W16)	A	EPS	0 days 00:00:15.995000	2009-03-17 07:27:28.608	2013-11-10 22:45:56.736	50 days 11:56:35.827000	0.03514790331196581
PHT11800	SPL4LC6_LCL_CUR	LCL L4_LC6 Current, Spare from: PCDU via IF: SD16_1N_or_1R to: CDMU-RU-A&B (PCDU-ICD-Info: c_ilcl4_tm6_S3/W17)	A	EPS	0 days 00:00:15.995000	2009-03-17 07:27:28.608	2013-11-10 22:45:56.736	50 days 11:56:35.827000	0.03514790331196581
PHT11860	PXFA_2_LCL_CUR	LCL L4_LC9 Current, PXFA 2 from: PCDU via IF: SD16_1N_or_1R to: CDMU-RU-A&B (PCDU-ICD-Info: c_ilcl4_tm9_S3/W20)	A	EPS	0 days 00:00:15.995000	2009-03-17 07:27:28.608	2013-11-10 22:45:56.736	50 days 11:56:35.827000	0.03514790331196581
PHT11880	RM_B_FCL_CUR	LCL L4_LC10 (FCL) Current, CV1 for CDMU RM B and TM B and TC B from: PCDU via IF: SD16_1N_or_1R to: CDMU-RU-A&B (PCDU-ICD-Info: c_ilcl4_tm10_S3/W21)	A	EPS	0 days 00:00:15.995000	2009-03-17 07:27:28.608	2013-11-10 22:45:56.736	50 days 11:56:35.827000	0.03514790331196581
PHT11900	RX_2_FCL_CUR	LCL L4_LC11 (FCL) Current, TRSP Rx 2 from: PCDU via IF: SD16_1N_or_1R to: CDMU-RU-A&B (PCDU-ICD-Info: c_ilcl4_tm11_S3/W22)	A	EPS	0 days 00:00:15.995000	2009-03-17 07:27:28.608	2013-11-10 22:45:56.736	50 days 11:56:35.827000	0.03514790331196581
PHT11920	SPL4LC12_FCL_CUR	LCL L4_LC12 (FCL) Current, Spare from: PCDU via IF: SD16_1N_or_1R to: CDMU-RU-A&B (PCDU-ICD-Info: c_ilcl4_tm12_S3/W23)	A	EPS	0 days 00:00:15.995000	2009-03-17 07:27:28.608	2013-11-10 22:45:56.736	50 days 11:56:35.827000	0.03514790331196581
PHT11960	PCU1_REG1_CUR	PCU 1 Regulator 1 Input Current from: PCDU via IF: SD16_1N_or_1R to: CDMU-RU-A&B (PCDU-ICD-Info: pcu1_tm_iout1_S3/W25)	A	EPS	0 days 00:00:15.995000	2009-03-17 07:27:28.608	2013-11-10 22:45:56.736	50 days 11:56:35.827000	0.03514790331196581
PHT11980	PCU1_REG2_CUR	PCU 1 Regulator 2 Input Current from: PCDU via IF: SD16_1N_or_1R to: CDMU-RU-A&B (PCDU-ICD-Info: pcu1_tm_iout2_S3/W26)	A	EPS	0 days 00:00:15.995000	2009-03-17 07:27:28.608	2013-11-10 22:45:56.736	50 days 11:56:35.827000	0.03514790331196581
PHT12040	PCU1_INPUT_CUR_N	PCU 1 Input Current nominal from: PCDU via IF: SD16_1N_or_1R to: CDMU-RU-A&B (PCDU-ICD-Info: pcu1_tm_sap_i_n_S3/W29)	A	EPS	0 days 00:00:15.995000	2009-03-17 07:27:28.608	2013-11-10 22:45:56.736	50 days 11:56:35.827000	0.03514790331196581
PHT12060	PCU1_INPUT_CUR_R	PCU 1 Input Current redundant from: PCDU via IF: SD16_1N_or_1R to: CDMU-RU-A&B (PCDU-ICD-Info: pcu1_tm_sap_i_r_S3/W30)	A	EPS	0 days 00:00:15.995000	2009-03-17 07:27:28.608	2013-11-10 22:45:56.736	50 days 11:56:35.827000	0.03514790331196581
PHT12100	PCU2_REG1_CUR	PCU 2 Regulator 1 Input Current from: PCDU via IF: SD16_1N_or_1R to: CDMU-RU-A&B (PCDU-ICD-Info: pcu2_tm_iout1_S3/W32)	A	EPS	0 days 00:00:15.995000	2009-03-17 07:27:28.608	2013-11-10 22:45:56.736	50 days 11:56:35.827000	0.03514790331196581
PHT12120	PCU2_REG2_CUR	PCU 2 Regulator 2 Input Current from: PCDU via IF: SD16_1N_or_1R to: CDMU-RU-A&B (PCDU-ICD-Info: pcu2_tm_iout2_S3/W33)	A	EPS	0 days 00:00:15.995000	2009-03-17 07:27:28.608	2013-11-10 22:45:56.736	50 days 11:56:35.827000	0.03514790331196581
PHT12140	PCU2_REG3_CUR	PCU 2 Regulator 3 Input Current from: PCDU via IF: SD16_1N_or_1R to: CDMU-RU-A&B (PCDU-ICD-Info: pcu2_tm_iout3_S3/W34)	A	EPS	0 days 00:00:15.995000	2009-03-17 07:27:28.608	2013-11-10 22:45:56.736	50 days 11:56:35.827000	0.03514790331196581
PHT12180	PCU2_INPUT_CUR_N	PCU 2 Input Current nominal from: PCDU via IF: SD16_1N_or_1R to: CDMU-RU-A&B (PCDU-ICD-Info: pcu2_tm_sap_i_n_S3/W36)	A	EPS	0 days 00:00:15.995000	2009-03-17 07:27:28.608	2013-11-10 22:45:56.736	50 days 11:56:35.827000	0.03514790331196581
PHT12200	PCU2_INPUT_CUR_R	PCU 2 Input Current redundant from: PCDU via IF: SD16_1N_or_1R to: CDMU-RU-A&B (PCDU-ICD-Info: pcu2_tm_sap_i_r_S3/W37)	A	EPS	0 days 00:00:15.995000	2009-03-17 07:27:28.608	2013-11-10 22:45:56.736	50 days 11:56:35.827000	0.03514790331196581
PHT12280	PCU3_REG1_CUR	PCU 3 Regulator 1 Input Current from: PCDU via IF: SD16_1N_or_1R to: CDMU-RU-A&B (PCDU-ICD-Info: pcu3_tm_iout1_S4/W4)	A	EPS	0 days 00:00:15.995000	2009-03-17 07:27:28.608	2013-11-10 22:45:56.736	50 days 11:56:35.827000	0.03514790331196581
PHT12300	PCU3_REG2_CUR	PCU 3 Regulator 2 Input Current from: PCDU via IF: SD16_1N_or_1R to: CDMU-RU-A&B (PCDU-ICD-Info: pcu3_tm_iout2_S4/W5)	A	EPS	0 days 00:00:15.995000	2009-03-17 07:27:28.608	2013-11-10 22:45:56.736	50 days 11:56:35.827000	0.03514790331196581
PHT12320	PCU3_REG3_CUR	PCU 3 Regulator 3 Input Current from: PCDU via IF: SD16_1N_or_1R to: CDMU-RU-A&B (PCDU-ICD-Info: pcu3_tm_iout3_S4/W6)	A	EPS	0 days 00:00:15.995000	2009-03-17 07:27:28.608	2013-11-10 22:45:56.736	50 days 11:56:35.827000	0.03514790331196581
PHT12360	PCU3_INPUT_CUR_N	PCU 3 Input Current nominal from: PCDU via IF: SD16_1N_or_1R to: CDMU-RU-A&B (PCDU-ICD-Info: pcu3_tm_sap_i_n_S4/W8)	A	EPS	0 days 00:00:15.995000	2009-03-17 07:27:28.608	2013-11-10 22:45:56.736	50 days 11:56:35.827000	0.03514790331196581
PHT12380	PCU3_INPUT_CUR_R	PCU 3 Input Current redundant from: PCDU via IF: SD16_1N_or_1R to: CDMU-RU-A&B (PCDU-ICD-Info: pcu3_tm_sap_i_r_S4/W9)	A	EPS	0 days 00:00:15.995000	2009-03-17 07:27:28.608	2013-11-10 22:45:56.736	50 days 11:56:35.827000	0.03514790331196581
PHT12420	PCU4_REG1_CUR	PCU 4 Regulator 1 Input Current from: PCDU via IF: SD16_1N_or_1R to: CDMU-RU-A&B (PCDU-ICD-Info: pcu4_tm_iout1_S4/W11)	A	EPS	0 days 00:00:15.995000	2009-03-17 07:27:28.608	2013-11-10 22:45:56.736	50 days 11:56:35.827000	0.03514790331196581
PHT12440	PCU4_REG2_CUR	PCU 4 Regulator 2 Input Current from: PCDU via IF: SD16_1N_or_1R to: CDMU-RU-A&B (PCDU-ICD-Info: pcu4_tm_iout2_S4/W12)	A	EPS	0 days 00:00:15.995000	2009-03-17 07:27:28.608	2013-11-10 22:45:56.736	50 days 11:56:35.827000	0.03514790331196581
PHT12460	PCU4_REG3_CUR	PCU 4 Regulator 3 Input Current from: PCDU via IF: SD16_1N_or_1R to: CDMU-RU-A&B (PCDU-ICD-Info: pcu4_tm_iout3_S4/W13)	A	EPS	0 days 00:00:15.995000	2009-03-17 07:27:28.608	2013-11-10 22:45:56.736	50 days 11:56:35.827000	0.03514790331196581
PHT12500	PCU4_INPUT_CUR_N	PCU 4 Input Current nominal from: PCDU via IF: SD16_1N_or_1R to: CDMU-RU-A&B (PCDU-ICD-Info: pcu4_tm_sap_i_n_S4/W15)	A	EPS	0 days 00:00:15.995000	2009-03-17 07:27:28.608	2013-11-10 22:45:56.736	50 days 11:56:35.827000	0.03514790331196581
PHT12520	PCU4_INPUT_CUR_R	PCU 4 Input Current redundant from: PCDU via IF: SD16_1N_or_1R to: CDMU-RU-A&B (PCDU-ICD-Info: pcu4_tm_sap_i_r_S4/W16)	A	EPS	0 days 00:00:15.995000	2009-03-17 07:27:28.608	2013-11-10 22:45:56.736	50 days 11:56:35.827000	0.03514790331196581
PHT12560	PCU5_REG1_CUR	PCU 5 Regulator 1 Input Current from: PCDU via IF: SD16_1N_or_1R to: CDMU-RU-A&B (PCDU-ICD-Info: pcu5_tm_iout1_S4/W18)	A	EPS	0 days 00:00:15.995000	2009-03-17 07:27:28.608	2013-11-10 22:45:56.736	50 days 11:56:35.827000	0.03514790331196581
PHT12580	PCU5_REG2_CUR	PCU 5 Regulator 2 Input Current from: PCDU via IF: SD16_1N_or_1R to: CDMU-RU-A&B (PCDU-ICD-Info: pcu5_tm_iout2_S4/W19)	A	EPS	0 days 00:00:15.995000	2009-03-17 07:27:28.608	2013-11-10 22:45:56.736	50 days 11:56:35.827000	0.03514790331196581
PHT12600	PCU5_REG3_CUR	PCU 5 Regulator 3 Input Current from: PCDU via IF: SD16_1N_or_1R to: CDMU-RU-A&B (PCDU-ICD-Info: pcu5_tm_iout3_S4/W20)	A	EPS	0 days 00:00:15.995000	2009-03-17 07:27:28.608	2013-11-10 22:45:56.736	50 days 11:56:35.827000	0.03514790331196581
PHT12640	PCU5_INPUT_CUR_N	PCU 5 Input Current nominal from: PCDU via IF: SD16_1N_or_1R to: CDMU-RU-A&B (PCDU-ICD-Info: pcu5_tm_sap_i_n_S4/W22)	A	EPS	0 days 00:00:15.995000	2009-03-17 07:27:28.608	2013-11-10 22:45:56.736	50 days 11:56:35.827000	0.03514790331196581
PHT12660	PCU5_INPUT_CUR_R	PCU 5 Input Current redundant from: PCDU via IF: SD16_1N_or_1R to: CDMU-RU-A&B (PCDU-ICD-Info: pcu5_tm_sap_i_r_S4/W23)	A	EPS	0 days 00:00:15.995000	2009-03-17 07:27:28.608	2013-11-10 22:45:56.736	50 days 11:56:35.827000	0.03514790331196581
PHT12700	PCU6_REG1_CUR	PCU 6 Regulator 1 Input Current from: PCDU via IF: SD16_1N_or_1R to: CDMU-RU-A&B (PCDU-ICD-Info: pcu6_tm_iout1_S4/W25)	A	EPS	0 days 00:00:15.995000	2009-03-17 07:27:28.608	2013-11-10 22:45:56.736	50 days 11:56:35.827000	0.03514790331196581
PHT12720	PCU6_REG2_CUR	PCU 6 Regulator 2 Input Current from: PCDU via IF: SD16_1N_or_1R to: CDMU-RU-A&B (PCDU-ICD-Info: pcu6_tm_iout2_S4/W26)	A	EPS	0 days 00:00:15.995000	2009-03-17 07:27:28.608	2013-11-10 22:45:56.736	50 days 11:56:35.827000	0.03514790331196581
PHT12780	PCU6_INPUT_CUR_N	PCU 6 Input Current nominal from: PCDU via IF: SD16_1N_or_1R to: CDMU-RU-A&B (PCDU-ICD-Info: pcu6_tm_sap_i_n_S4/W29)	A	EPS	0 days 00:00:15.995000	2009-03-17 07:27:28.608	2013-11-10 22:45:56.736	50 days 11:56:35.827000	0.03514790331196581
PHT12800	PCU6_INPUT_CUR_R	PCU 6 Input Current redundant from: PCDU via IF: SD16_1N_or_1R to: CDMU-RU-A&B (PCDU-ICD-Info: pcu6_tm_sap_i_r_S4/W30)	A	EPS	0 days 00:00:15.995000	2009-03-17 07:27:28.608	2013-11-10 22:45:56.736	50 days 11:56:35.827000	0.03514790331196581
SST03263	X_position	X_position	m	SSTI-A	0 days 00:00:01	2009-03-19 03:55:08.196	2013-11-10 22:46:09.019	54 days 23:42:42.914000	0.0518997061965812
SST03264	Y_position	Y_position	m	SSTI-A	0 days 00:00:01	2009-03-19 03:55:08.196	2013-11-10 22:46:09.019	54 days 23:42:42.914000	0.0518997061965812
SST03265	Z_position	Z_position	m	SSTI-A	0 days 00:00:01	2009-03-19 03:55:08.196	2013-11-10 22:46:09.019	54 days 23:42:42.914000	0.0518997061965812
SST03269	Clock_bias	Clock_bias	m	SSTI-A	0 days 00:00:01	2009-03-19 03:55:08.196	2013-11-10 22:46:09.019	54 days 23:42:42.914000	0.0518997061965812
SST03266	X_velocity	X_velocity	m/s	SSTI-A	0 days 00:00:01	2009-03-19 03:55:08.196	2013-11-10 22:46:09.019	54 days 23:42:42.914000	0.0518997061965812
SST03267	Y_velocity	Y_velocity	m/s	SSTI-A	0 days 00:00:01	2009-03-19 03:55:08.196	2013-11-10 22:46:09.019	54 days 23:42:42.914000	0.0518997061965812
SST03268	Z_velocity	Z_velocity	m/s	SSTI-A	0 days 00:00:01	2009-03-19 03:55:08.196	2013-11-10 22:46:09.019	54 days 23:42:42.914000	0.0518997061965812
SST03270	Clock_bias_rate	Clock_bias_rate	m/s	SSTI-A	0 days 00:00:01	2009-03-19 03:55:08.196	2013-11-10 22:46:09.019	54 days 23:42:42.914000	0.0518997061965812
CAT35000	EGG_RAW_ACC1_X	Acc. sensor head 1 raw acceleration x comp. wrt ACF(ADAL)	m/s2	CDMU_DFS	0 days 00:00:02	2009-03-17 08:56:45.545	2013-10-21 03:16:57.132	82 days 19:38:15.797000	0.17140341212606838
CAT35001	EGG_RAW_ACC1_Y	Acc. sensor head 1 raw acceleration Y comp. wrt ACF(ADAL)	m/s2	CDMU_DFS	0 days 00:00:02	2009-03-17 08:56:45.545	2013-10-21 03:16:57.132	82 days 19:38:15.797000	0.17140341212606838
CAT35002	EGG_RAW_ACC1_Z	Acc. sensor head 1 raw acceleration Z comp. wrt ACF(ADAL)	m/s2	CDMU_DFS	0 days 00:00:02	2009-03-17 08:56:45.545	2013-10-21 03:16:57.132	82 days 19:38:15.797000	0.17140341212606838
CAT35003	EGG_RAW_ACC2_X	Acc. sensor head 2 raw acceleration x comp. wrt ACF(ADAL)	m/s2	CDMU_DFS	0 days 00:00:02	2009-03-17 08:56:45.545	2013-10-21 03:16:57.132	82 days 19:38:15.797000	0.17140341212606838
CAT35004	EGG_RAW_ACC2_Y	Acc. sensor head 2 raw acceleration Y comp. wrt ACF(ADAL)	m/s2	CDMU_DFS	0 days 00:00:02	2009-03-17 08:56:45.545	2013-10-21 03:16:57.132	82 days 19:38:15.797000	0.17140341212606838
CAT35005	EGG_RAW_ACC2_Z	Acc. sensor head 2 raw acceleration Z comp. wrt ACF(ADAL)	m/s2	CDMU_DFS	0 days 00:00:02	2009-03-17 08:56:45.545	2013-10-21 03:16:57.132	82 days 19:38:15.797000	0.17140341212606838
CAT35006	EGG_RAW_ACC3_X	Acc. sensor head 3 raw acceleration x comp. wrt ACF(ADAL)	m/s2	CDMU_DFS	0 days 00:00:02	2009-03-17 08:56:45.545	2013-10-21 03:16:57.132	82 days 19:38:15.797000	0.17140341212606838
CAT35007	EGG_RAW_ACC3_Y	Acc. sensor head 3 raw acceleration Y comp. wrt ACF(ADAL)	m/s2	CDMU_DFS	0 days 00:00:02	2009-03-17 08:56:45.545	2013-10-21 03:16:57.132	82 days 19:38:15.797000	0.17140341212606838
CAT35008	EGG_RAW_ACC3_Z	Acc. sensor head 3 raw acceleration Z comp. wrt ACF(ADAL)	m/s2	CDMU_DFS	0 days 00:00:02	2009-03-17 08:56:45.545	2013-10-21 03:16:57.132	82 days 19:38:15.797000	0.17140341212606838
CAT35009	EGG_RAW_ACC4_X	Acc. sensor head 4 raw acceleration x comp. wrt ACF(ADAL)	m/s2	CDMU_DFS	0 days 00:00:02	2009-03-17 08:56:45.545	2013-10-21 03:16:57.132	82 days 19:38:15.797000	0.17140341212606838
CAT35010	EGG_RAW_ACC4_Y	Acc. sensor head 4 raw acceleration Y comp. wrt ACF(ADAL)	m/s2	CDMU_DFS	0 days 00:00:02	2009-03-17 08:56:45.545	2013-10-21 03:16:57.132	82 days 19:38:15.797000	0.17140341212606838
CAT35011	EGG_RAW_ACC4_Z	Acc. sensor head 4 raw acceleration Z comp. wrt ACF(ADAL)	m/s2	CDMU_DFS	0 days 00:00:02	2009-03-17 08:56:45.545	2013-10-21 03:16:57.132	82 days 19:38:15.797000	0.17140341212606838
CAT35012	EGG_RAW_ACC5_X	Acc. sensor head 5 raw acceleration x comp. wrt ACF(ADAL)	m/s2	CDMU_DFS	0 days 00:00:02	2009-03-17 08:56:45.545	2013-10-21 03:16:57.132	82 days 19:38:15.797000	0.17140341212606838
CAT35013	EGG_RAW_ACC5_Y	Acc. sensor head 5 raw acceleration Y comp. wrt ACF(ADAL)	m/s2	CDMU_DFS	0 days 00:00:02	2009-03-17 08:56:45.545	2013-10-21 03:16:57.132	82 days 19:38:15.797000	0.17140341212606838
CAT35014	EGG_RAW_ACC5_Z	Acc. sensor head 5 raw acceleration Z comp. wrt ACF(ADAL)	m/s2	CDMU_DFS	0 days 00:00:02	2009-03-17 08:56:45.545	2013-10-21 03:16:57.132	82 days 19:38:15.797000	0.17140341212606838
CAT35015	EGG_RAW_ACC6_X	Acc. sensor head 6 raw acceleration x comp. wrt ACF(ADAL)	m/s2	CDMU_DFS	0 days 00:00:02	2009-03-17 08:56:45.545	2013-10-21 03:16:57.132	82 days 19:38:15.797000	0.17140341212606838
CAT35016	EGG_RAW_ACC6_Y	Acc. sensor head 6 raw acceleration Y comp. wrt ACF(ADAL)	m/s2	CDMU_DFS	0 days 00:00:02	2009-03-17 08:56:45.545	2013-10-21 03:16:57.132	82 days 19:38:15.797000	0.17140341212606838
CAT35017	EGG_RAW_ACC6_Z	Acc. sensor head 6 raw acceleration Z comp. wrt ACF(ADAL)	m/s2	CDMU_DFS	0 days 00:00:02	2009-03-17 08:56:45.545	2013-10-21 03:16:57.132	82 days 19:38:15.797000	0.17140341212606838
AMT00102	MGM1 X out	Magnetic Flux in X of local CoF from: MGM-1 via IF: ASMN_24 to: CDMU-RU-A&B	nT	DFAC_MMT	0 days 00:00:16	2009-03-17 07:27:28.453	2013-11-10 22:45:56.731	50 days 11:56:35.829000	0.03514790331196581
AMT00103	MGM1 Y out	Magnetic Flux in Y of local CoF from: MGM-1 via IF: ASMN_25 to: CDMU-RU-A&B	nT	DFAC_MMT	0 days 00:00:16	2009-03-17 07:27:28.453	2013-11-10 22:45:56.731	50 days 11:56:35.829000	0.03514790331196581
AMT00104	MGM1 Z out	Magnetic Flux in Z of local CoF from: MGM-1 via IF: ASMN_26 to: CDMU-RU-A&B	nT	DFAC_MMT	0 days 00:00:16	2009-03-17 07:27:28.453	2013-11-10 22:45:56.731	50 days 11:56:35.829000	0.03514790331196581
AMT00202	MGM2 X out	Magnetic Flux in X of local CoF from: MGM-2 via IF: ASMN_64 to: CDMU-RU-A&B	nT	DFAC_MMT	0 days 00:00:16	2009-03-17 07:27:28.453	2013-11-10 22:45:56.731	50 days 11:56:35.829000	0.03514790331196581
AMT00203	MGM2 Y out	Magnetic Flux in Y of local CoF from: MGM-2 via IF: ASMN_65 to: CDMU-RU-A&B	nT	DFAC_MMT	0 days 00:00:16	2009-03-17 07:27:28.453	2013-11-10 22:45:56.731	50 days 11:56:35.829000	0.03514790331196581
AMT00204	MGM2 Z out	Magnetic Flux in Z of local CoF from: MGM-2 via IF: ASMN_66 to: CDMU-RU-A&B	nT	DFAC_MMT	0 days 00:00:16	2009-03-17 07:27:28.453	2013-11-10 22:45:56.731	50 days 11:56:35.829000	0.03514790331196581
AMT00302	MGM3 X out	Magnetic Flux in X of local CoF from: MGM-3 via IF: ASMN_80 to: CDMU-RU-A&B	nT	DFAC_MMT	0 days 00:00:16	2009-03-17 07:27:28.453	2013-11-10 22:45:56.731	50 days 11:56:35.829000	0.03514790331196581
AMT00303	MGM3 Y out	Magnetic Flux in Y of local CoF from: MGM-3 via IF: ASMN_81 to: CDMU-RU-A&B	nT	DFAC_MMT	0 days 00:00:16	2009-03-17 07:27:28.453	2013-11-10 22:45:56.731	50 days 11:56:35.829000	0.03514790331196581
AMT00304	MGM3 Z out	Magnetic Flux in Z of local CoF from: MGM-3 via IF: ASMN_82 to: CDMU-RU-A&B	nT	DFAC_MMT	0 days 00:00:16	2009-03-17 07:27:28.453	2013-11-10 22:45:56.731	50 days 11:56:35.829000	0.03514790331196581
IHT13017	MAGNET_VOLTAG	MAGNET_VOLTAG	V	ITA	0 days 00:00:08	2009-03-17 09:09:49.821	2013-10-21 03:19:23.590	72 days 17:13:09.635000	0.13283336672008547
IHT13019	DC_HEATER_VOLT	DC_HEATER_VOLT	V	ITA	0 days 00:00:08	2009-03-17 09:09:49.821	2013-10-21 03:19:23.590	72 days 17:13:09.635000	0.13283336672008547
IHT13021	DC_STRIKE_VOLT	DC_STRIKE_VOLT	V	ITA	0 days 00:00:08	2009-03-17 09:09:49.821	2013-10-21 03:19:23.590	72 days 17:13:09.635000	0.13283336672008547
IHT13023	DC_KEEPER_VOLT	DC_KEEPER_VOLT	V	ITA	0 days 00:00:08	2009-03-17 09:09:49.821	2013-10-21 03:19:23.590	72 days 17:13:09.635000	0.13283336672008547
IHT13025	ANODE_VOLTAGE	ANODE_VOLTAGE	V	ITA	0 days 00:00:08	2009-03-17 09:09:49.821	2013-10-21 03:19:23.590	72 days 17:13:09.635000	0.13283336672008547
IHT13027	BURNAWAY_VOLTAGE	BURNAWAY_VOLTAGE	V	ITA	0 days 00:00:08	2009-03-17 09:09:49.821	2013-10-21 03:19:23.590	72 days 17:13:09.635000	0.13283336672008547
IHT13034	FLOW_SENSOR	Flow Sensor Reading	V	ITA	0 days 00:00:08	2009-03-17 09:09:49.821	2013-10-21 03:19:23.590	72 days 17:13:09.635000	0.13283336672008547
IHT13037	ACCGRID_VOLTAGE	ACCGRID_VOLTAGE	V	ITA	0 days 00:00:08	2009-03-17 09:09:49.821	2013-10-21 03:19:23.590	72 days 17:13:09.635000	0.13283336672008547
IHT13041	NC_STRIKE_VOLT	NC strike voltage	V	ITA	0 days 00:00:08	2009-03-17 09:09:49.821	2013-10-21 03:19:23.590	72 days 17:13:09.635000	0.13283336672008547
IHT13043	NC_KEEPER_VOLT	NC keeper voltage	V	ITA	0 days 00:00:08	2009-03-17 09:09:49.821	2013-10-21 03:19:23.590	72 days 17:13:09.635000	0.13283336672008547
IHT13045	BUS_VOLTAGE	Bus voltage	V	ITA	0 days 00:00:08	2009-03-17 09:09:49.821	2013-10-21 03:19:23.590	72 days 17:13:09.635000	0.13283336672008547
IHT13052	IBCV_VOLTAGE	IBCV_VOLTAGE	V	ITA	0 days 00:00:08	2009-03-17 09:09:49.821	2013-10-21 03:19:23.590	72 days 17:13:09.635000	0.13283336672008547
IHT13098	FLOW_SENSOR_1	Flow Sensor Reading 1	V	ITA	0 days 00:00:08	2009-03-17 09:09:49.821	2013-10-21 03:19:23.590	72 days 17:13:09.635000	0.13283336672008547
IHT13100	FLOW_SENSOR_2	Flow Sensor Reading 2	V	ITA	0 days 00:00:08	2009-03-17 09:09:49.821	2013-10-21 03:19:23.590	72 days 17:13:09.635000	0.13283336672008547
IHT13102	FLOW_SENSOR_3	Flow Sensor Reading 3	V	ITA	0 days 00:00:08	2009-03-17 09:09:49.821	2013-10-21 03:19:23.590	72 days 17:13:09.635000	0.13283336672008547
IHT13104	FLOW_SENSOR_4	Flow Sensor Reading 4	V	ITA	0 days 00:00:08	2009-03-17 09:09:49.821	2013-10-21 03:19:23.590	72 days 17:13:09.635000	0.13283336672008547
IHT13106	FLOW_SENSOR_5	Flow Sensor Reading 5	V	ITA	0 days 00:00:08	2009-03-17 09:09:49.821	2013-10-21 03:19:23.590	72 days 17:13:09.635000	0.13283336672008547
PHT01000	SSTI B +5V	Analogue Voltage Sensor line from: SSTI_B via IF: ASMN_76 to: CDMU-RU-A&B	V	EPS	0 days 00:00:16	2009-03-17 07:27:28.453	2013-11-10 22:45:56.731	50 days 11:56:35.829000	0.03514790331196581
PHT01001	SSTI A +5V	Analogue Voltage Sensor line from: SSTI_A via IF: ASMN_28 to: CDMU-RU-A&B	V	EPS	0 days 00:00:16	2009-03-17 07:27:28.453	2013-11-10 22:45:56.731	50 days 11:56:35.829000	0.03514790331196581
PHT10160	BAT_VOL_N	Battery Voltage nominal from: PCDU via IF: SD16_1N_or_1R to: CDMU-RU-A&B (PCDU-ICD-Info: cbt_v_batt_n_S1/W9)	V	EPS	0 days 00:00:15.995000	2009-03-17 07:27:28.608	2013-11-10 22:45:56.736	50 days 11:56:35.827000	0.03514790331196581
PHT10180	BAT_VOL_R	Battery Voltage redundant from: PCDU via IF: SD16_1N_or_1R to: CDMU-RU-A&B (PCDU-ICD-Info: cbt_v_batt_r_S1/W10)	V	EPS	0 days 00:00:15.995000	2009-03-17 07:27:28.608	2013-11-10 22:45:56.736	50 days 11:56:35.827000	0.03514790331196581
PHT10200	POWER_BUS_VOL_N	Bus Voltage nominal from: PCDU via IF: SD16_1N_or_1R to: CDMU-RU-A&B (PCDU-ICD-Info: cbt_v_bus_n_S1/W11)	V	EPS	0 days 00:00:15.995000	2009-03-17 07:27:28.608	2013-11-10 22:45:56.736	50 days 11:56:35.827000	0.03514790331196581
PHT10220	POWER_BUS_VOL_R	Bus Voltage redundant from: PCDU via IF: SD16_1N_or_1R to: CDMU-RU-A&B (PCDU-ICD-Info: cbt_v_bus_r_S1/W12)	V	EPS	0 days 00:00:15.995000	2009-03-17 07:27:28.608	2013-11-10 22:45:56.736	50 days 11:56:35.827000	0.03514790331196581
PHT12020	PCU1_REG_VOL	PCU 1 Input Voltage from: PCDU via IF: SD16_1N_or_1R to: CDMU-RU-A&B (PCDU-ICD-Info: pcu1_tm_sap_v_S3/W28)	V	EPS	0 days 00:00:15.995000	2009-03-17 07:27:28.608	2013-11-10 22:45:56.736	50 days 11:56:35.827000	0.03514790331196581
PHT12160	PCU2_REG_VOL	PCU 2 Input Voltage from: PCDU via IF: SD16_1N_or_1R to: CDMU-RU-A&B (PCDU-ICD-Info: pcu2_tm_sap_v_S3/W35)	V	EPS	0 days 00:00:15.995000	2009-03-17 07:27:28.608	2013-11-10 22:45:56.736	50 days 11:56:35.827000	0.03514790331196581
PHT12340	PCU3_REG_VOL	PCU 3 Input Voltage from: PCDU via IF: SD16_1N_or_1R to: CDMU-RU-A&B (PCDU-ICD-Info: pcu3_tm_sap_v_S4/W7)	V	EPS	0 days 00:00:15.995000	2009-03-17 07:27:28.608	2013-11-10 22:45:56.736	50 days 11:56:35.827000	0.03514790331196581
PHT12480	PCU4_REG_VOL	PCU 4 Input Voltage from: PCDU via IF: SD16_1N_or_1R to: CDMU-RU-A&B (PCDU-ICD-Info: pcu4_tm_sap_v_S4/W14)	V	EPS	0 days 00:00:15.995000	2009-03-17 07:27:28.608	2013-11-10 22:45:56.736	50 days 11:56:35.827000	0.03514790331196581
PHT12620	PCU5_REG_VOL	PCU 5 Input Voltage from: PCDU via IF: SD16_1N_or_1R to: CDMU-RU-A&B (PCDU-ICD-Info: pcu5_tm_sap_v_S4/W21)	V	EPS	0 days 00:00:15.995000	2009-03-17 07:27:28.608	2013-11-10 22:45:56.736	50 days 11:56:35.827000	0.03514790331196581
PHT12760	PCU6_REG_VOL	PCU 6 Input Voltage from: PCDU via IF: SD16_1N_or_1R to: CDMU-RU-A&B (PCDU-ICD-Info: pcu6_tm_sap_v_S4/W28)	V	EPS	0 days 00:00:15.995000	2009-03-17 07:27:28.608	2013-11-10 22:45:56.736	50 days 11:56:35.827000	0.03514790331196581
XHT00004	RX_1_SUP_P_6P3	TRSP1 RX positive supply voltage 6.3 V from: TRSP_1 via IF: ASMN_03 to: CDMU-RU-A&B	V	RFF	0 days 00:00:16	2009-03-17 07:27:28.453	2013-11-10 22:45:56.731	50 days 11:56:35.829000	0.03514790331196581
XHT00005	RX_1_SUP_MID	TRSP1 RX middle voltage of bridge between +6.3 V and -6.3 V from: TRSP_1 via IF: ASMN_04 to: CDMU-RU-A&B	V	RFF	0 days 00:00:16	2009-03-17 07:27:28.453	2013-11-10 22:45:56.731	50 days 11:56:35.829000	0.03514790331196581
XHT00006	RX_1_SUP_P_5P0	TRSP1 RX positive supply voltage 5.0 V from: TRSP_1 via IF: ASMN_05 to: CDMU-RU-A&B	V	RFF	0 days 00:00:16	2009-03-17 07:27:28.453	2013-11-10 22:45:56.731	50 days 11:56:35.829000	0.03514790331196581
XHT00009	TX_1_SUP_P_6P3	TRSP1 TX positive supply voltage 6.3 V from: TRSP_1 via IF: ASMN_08 to: CDMU-RU-A&B	V	RFF	0 days 00:00:16	2009-03-17 07:27:28.453	2013-11-10 22:45:56.731	50 days 11:56:35.829000	0.03514790331196581
XHT00010	TX_1_SUP_MID	TRSP1 TX middle voltage of bridge between +6.3 V and -6.3 V from: TRSP_1 via IF: ASMN_09 to: CDMU-RU-A&B	V	RFF	0 days 00:00:16	2009-03-17 07:27:28.453	2013-11-10 22:45:56.731	50 days 11:56:35.829000	0.03514790331196581
XHT00011	TX_1_SUP_P_7P7	TRSP1 TX positive supply voltage +7.7 V from: TRSP_1 via IF: ASMN_10 to: CDMU-RU-A&B	V	RFF	0 days 00:00:16	2009-03-17 07:27:28.453	2013-11-10 22:45:56.731	50 days 11:56:35.829000	0.03514790331196581
XHT00015	RX_2_SUP_P_6P3	TRSP2 RX positive supply voltage 6.3 V from: TRSP_2 via IF: ASMN_51 to: CDMU-RU-A&B	V	RFF	0 days 00:00:16	2009-03-17 07:27:28.453	2013-11-10 22:45:56.731	50 days 11:56:35.829000	0.03514790331196581
XHT00016	RX_2_SUP_MID	TRSP2 RX middle voltage of bridge between +6.3 V and -6.3 V from: TRSP_2 via IF: ASMN_52 to: CDMU-RU-A&B	V	RFF	0 days 00:00:16	2009-03-17 07:27:28.453	2013-11-10 22:45:56.731	50 days 11:56:35.829000	0.03514790331196581
XHT00017	RX_2_SUP_P_5P0	TRSP2 RX positive supply voltage 5.0 V from: TRSP_2 via IF: ASMN_53 to: CDMU-RU-A&B	V	RFF	0 days 00:00:16	2009-03-17 07:27:28.453	2013-11-10 22:45:56.731	50 days 11:56:35.829000	0.03514790331196581
XHT00020	TX_2_SUP_P_6P3	TRSP2 TX positive supply voltage 6.3 V from: TRSP_2 via IF: ASMN_56 to: CDMU-RU-A&B	V	RFF	0 days 00:00:16	2009-03-17 07:27:28.453	2013-11-10 22:45:56.731	50 days 11:56:35.829000	0.03514790331196581
XHT00021	TX_2_SUP_MID	TRSP2 TX middle voltage of bridge between +6.3 V and -6.3 V from: TRSP_2 via IF: ASMN_57 to: CDMU-RU-A&B	V	RFF	0 days 00:00:16	2009-03-17 07:27:28.453	2013-11-10 22:45:56.731	50 days 11:56:35.829000	0.03514790331196581
XHT00022	TX_2_SUP_P_7P7	TRSP2 TX positive supply voltage +7.7 V from: TRSP_2 via IF: ASMN_58 to: CDMU-RU-A&B	V	RFF	0 days 00:00:16	2009-03-17 07:27:28.453	2013-11-10 22:45:56.731	50 days 11:56:35.829000	0.03514790331196581
IHT13011	THRUST_DEMAND	Current TT thrust demand in µN	µN	ITA	0 days 00:00:08	2009-03-17 09:09:49.821	2013-10-21 03:19:23.590	72 days 17:13:09.635000	0.13283336672008547
IHT13012	THRUST_FLTR_AN	Filtered thrust for anode current control	µN	ITA	0 days 00:00:08	2009-03-17 09:09:49.821	2013-10-21 03:19:23.590	72 days 17:13:09.635000	0.13283336672008547
IHT13013	THRUST_FLTR_FL	Filtered thrust for main flow rate control	µN	ITA	0 days 00:00:08	2009-03-17 09:09:49.821	2013-10-21 03:19:23.590	72 days 17:13:09.635000	0.13283336672008547
IHT13014	THRUST_NEXT	Latest TT thrust demand in µN	µN	ITA	0 days 00:00:08	2009-03-17 09:09:49.821	2013-10-21 03:19:23.590	72 days 17:13:09.635000	0.13283336672008547
IHT13135	CURRENT_THRUST	actual measured thrust	µN	ITA	0 days 00:00:08	2009-03-17 09:09:49.821	2013-10-21 03:19:23.590	72 days 17:13:09.635000	0.13283336672008547
